"uuid";"link";"number";"roadName";"km";"endKm";"latitude";"longitude";"occurrenceType";"length";"width";"height";"lane";"track";"branch";"kmReference";"direction";"occurrenceKind";"status";"approvalStep";"createdBy";"updatedBy";"firm";"subcompany";"job";"createdAt";"foundAt";"updatedAt";"executedAt";"notes";"dueAt";"price";"construction";"idInventory";"tipoPelicula1";"campanhaMonitoracao";"corPelicula1";"resultadoPelicula1";"estacao10faixaSinalizacaoEstacao1";"estacao10corFaixaEstacao1";"estacao10resultadoEstacao1";"estacao11faixaSinalizacaoEstacao1";"estacao11corFaixaEstacao1";"estacao11resultadoEstacao1";"estacao12faixaSinalizacaoEstacao1";"estacao12corFaixaEstacao1";"estacao12resultadoEstacao1";"estacao13faixaSinalizacaoEstacao1";"estacao13corFaixaEstacao1";"estacao13resultadoEstacao1";"estacao14faixaSinalizacaoEstacao1";"estacao14corFaixaEstacao1";"estacao14resultadoEstacao1";"estacao15faixaSinalizacaoEstacao1";"estacao15corFaixaEstacao1";"estacao15resultadoEstacao1";"estacao16faixaSinalizacaoEstacao1";"estacao16corFaixaEstacao1";"estacao16resultadoEstacao1";"estacao17faixaSinalizacaoEstacao1";"estacao17corFaixaEstacao1";"estacao17resultadoEstacao1";"estacao18faixaSinalizacaoEstacao1";"estacao18corFaixaEstacao1";"estacao18resultadoEstacao1";"estacao19faixaSinalizacaoEstacao1";"estacao19corFaixaEstacao1";"estacao19resultadoEstacao1";"estacao110faixaSinalizacaoEstacao1";"estacao110corFaixaEstacao1";"estacao110resultadoEstacao1";"estacao111faixaSinalizacaoEstacao1";"estacao111corFaixaEstacao1";"estacao111resultadoEstacao1";"bordoDireitoMedia";"bordoEsquerdoMedia";"eixoMedia";"eixo2Media";"eixo3Media";"eixo4Media";"resultadoGeralLongitudinal";"mediaEscamas";"mediaLinhas";"resultadoEscamas";"resultadoLinhas";"resuladoGeralZebrado";"bordo";"resultadoGeralDispositivos";"resultadoMarcasViarias";"tipoSinHorizontal";"dispositivoEntrada";"dispositivoSaida";"elementoRefletivoBarreiraNj";"exposedArmour";"desagregation";"refletoresBarreiraNj";"corrosao";"alignment";"fixacao";"parafuso";"mediaPelicula2";"mediaPelicula3";"mediaPelicula4";"resultadoPelicula2";"resultadoPelicula3";"resultadoPelicula4";"mediaMarcasViarias";"media1";"media2";"resultado1";"resultado2";"area";"estadoChapa";"estadoSuporte";"tipoInspecao";"condicaoMesoestrutura";"condicaoInfraestrutura";"estadoGeralConservacaoDren";"atendimentoNormasAbnt";"quantidadePostesDefeito";"energiaNorma";"spdaNorma";"atendimentoPadAceExNbr";"situacaoAcesso";"faixaOcupada";"situacaoOcupacao";"areaFaixaDominioOcupada";"areaFaixaNaoEdificavelOcupada";"desnivel";"condicoesGerais";"extensaoContencao";"alturaContencao";"condicaoDrenagemSuperficial";"condicaoDrenagemSubterranea";"presencaAgua";"nivelRisco";"riscoOutrosElementosAlemRodovia";"ok";"estadoConservacaoMontante";"estadoConservacaoJusante";"okMontante";"okJusante";"oaeNumero";"nomeOae";"condicoesEstabilidadeGeral";"condicoesConservacaoGeral";"nivelVibracaoTabuleiroGeral";"notaTecnicaGeral";"notaTecnicaLaje";"notaTecnicaVigPrincipal";"notaTecnicaMesoestrutura";"notaTecnicaInfraestrutura";"notaTecnicaPistaAcesso";"guardaCopoParametros";"drenagemLimpezaParametros";"placaGabaritoVerParametros";"juntasDilatacaoParametros";"aparelhosApoioParametros";"acoesSeremTomadasParametros";"generalState";"alturaCondicao";"trincasCondicao";"refletoresCondicao";"ferrugemCondicao";"amassadosCondicao";"resultadoGeralPeliculas";"dZero";"iri";"atr";"tr";"igg";"hs";"vrd";"degrau";"icpMedio";"defeitosSeveridade0None";"defeitosSeveridade1None";"defeitosSeveridade2None";"defeitosSeveridade3None";"defeitosSeveridade4None";"mediaPelicula1";"identificacao";"tipoIts";"amount";"modeloTunel";"pavimentacaoTunel";"tipoDrenagemInterna";"tipoDrenagemExterna";"tipoIluminacao";"tipoPoste";"quantidadeLuminarias";"quantidadeLampadas";"quantidadePostes";"descricaoEdificacao";"descricaoInstalacaoEletrica";"tipoEdificacao";"areaEdificada";"tipoConstrucao";"tipoAcesso";"superficieAcesso";"tipoOcupacao";"tipoConstrucaoOcupacao";"acostamento";"numeroFaixas";"faixaSeguranca";"larguraMarginal";"calcadas";"cercaExistente";"tipoVegetacao";"inclinacao";"tipoTerraplano";"tipoRelevo";"tipoContencao";"drenagemSuperficial";"drenagemSubterranea";"tipoDrenagem";"tipoBueiro";"dimensoesMontante";"materialMontante";"dimensoesJusante";"materialJusante";"tipoEstrutura";"tipoEps";"tipoSinalizacaoVertical";"materialChapa";"diametro";"areaRetangular";"areaTriangular";"areaCircular";"materialSuporte";"tipoZebrado";"areaZebrado";"tipoMarcaViaria";"areaMarca";"relationships.job.data.id";"medicaoSpda";"minimoMarcasViarias";"colorMarcaViaria";"drainageStatus";"nomeRazaoSocial";"revestimento";"color";"estadoGeralConservacao"
"000002df-6ad8-43e8-a785-b9099383365b";"https://app.kartado.com.br/#/SharedLink/Reporting/000002df-6ad8-43e8-a785-b9099383365b/show?company=b9e4cd95-cb76-4dae-88e2-fd76c9a08110";"ERM-MONI-2026.13671";"BR-116/MG";"537.595";"537.595";"-19.87626296";"-42.13147862";"Monitoração de Faixa de Domínio - Acessos";"";"";"";"Não se aplica";"";"";"";"Norte";"Monitoração";"Executado";"Criado";"Arthur Barros";"";"Ecovias Rio Minas";"Ecovias Rio Minas";"";"2026-07-02T20:28";"2026-07-02T20:24";"2026-07-02T20:35";"2025-08-04T00:00";"";"";"0";"";"220416af-9f91-44db-8639-03b73847c4f2";"";"Monitoração 3";"";"";"";"";"";"";"";"";"";"";"";"";"";"";"";"";"";"";"";"";"";"";"";"";"";"";"";"";"";"";"";"";"";"";"";"";"";"";"";"";"";"";"";"";"";"";"";"";"";"";"";"";"";"";"";"";"";"";"";"";"";"";"";"";"";"";"";"";"";"";"";"";"";"";"";"";"";"";"Periódica";"";"";"";"";"";"";"";"";"Irregulares/não autorizados, necessitando de analise do projeto perante normas técnicas vigentes (DNIT, ABNT e ANTT)";"";"";"";"";"";"";"";"";"";"";"";"";"";"";"";"";"";"";"";"";"";"";"";"";"";"";"";"";"";"";"";"";"";"";"";"";"";"";"";"";"";"";"";"";"";"";"";"";"";"";"";"";"";"";"";"";"";"AC 116 MG 537+595 N 1";"";"";"";"";"";"";"";"";"";"";"";"";"";"";"";"";"Público";"Pavimentado";"";"";"";"";"";"";"";"";"";"";"";"";"";"";"";"";"";"";"";"";"";"";"";"";"";"";"";"";"";"";"";"";"";"";"";"";"";"";"";"PREFEITURA MUNICIPAL DE SANTA RITA DE MINAS";"";"";""
"00000504-680c-464f-8bd7-14edd806bcad";"https://app.kartado.com.br/#/SharedLink/Reporting/00000504-680c-464f-8bd7-14edd806bcad/show?company=b9e4cd95-cb76-4dae-88e2-fd76c9a08110";"ERM-CCFD-2026.00056";"BR-493/RJ";"73";"72";"-22.687664";"-43.51275";"Roçada Cerca a Cerca";"";"";"";"Acostamento";"";"";"";"Norte";"Canteiro Central e Faixa de Domínio";"Programado";"Criado";"Lucas Sathler";"Lucas Sathler";"G P Portilho - IDCT 15598";"G P Portilho";"Cronograma Cerca a Cerca BR-493 ARCO";"2026-07-22T15:41";"2026-07-22T15:40";"2026-07-22T15:41";"";"";"2026-10-31T00:00";"0";"";"";"";"";"";"";"";"";"";"";"";"";"";"";"";"";"";"";"";"";"";"";"";"";"";"";"";"";"";"";"";"";"";"";"";"";"";"";"";"";"";"";"";"";"";"";"";"";"";"";"";"";"";"";"";"";"";"";"";"";"";"";"";"";"";"";"";"";"";"";"";"";"";"";"";"";"";"";"";"0";"";"";"";"";"";"";"";"";"";"";"";"";"";"";"";"";"";"";"";"";"";"";"";"";"";"";"";"";"";"";"";"";"";"";"";"";"";"";"";"";"";"";"";"";"";"";"";"";"";"";"";"";"";"";"";"";"";"";"";"";"";"";"";"";"";"";"";"";"";"";"";"";"";"";"";"";"";"";"";"";"";"";"";"";"";"";"";"";"";"";"";"";"";"";"";"";"";"";"";"";"";"";"";"";"";"";"";"";"";"";"";"";"";"";"";"";"";"";"";"";"";"";"";"";"";"";"";"";"";"";""
"00001de9-3650-402b-ab95-9db34e550acf";"https://app.kartado.com.br/#/SharedLink/Reporting/00001de9-3650-402b-ab95-9db34e550acf/show?company=b9e4cd95-cb76-4dae-88e2-fd76c9a08110";"ERM-MONI-2025.05923";"BR-493/RJ";"112.6";"112.603";"-22.81964592";"-43.80474191";"Monitoração de Sinalização Horizontal - Marcas Viárias";"3";"";"2";"Faixa 03";"";"";"";"Sul";"Monitoração";"Executado";"Compartilhado com ANTT";"Luan Poletti";"";"Ecovias Rio Minas";"Ecovias Rio Minas";"";"2025-09-07T10:44";"2024-09-07T10:44";"2025-11-05T23:36";"2024-09-07T10:44";"";"";"0";"";"f8c88fb6-b0d0-4f72-97ad-186d63ecd173";"";"Monitoração 2";"";"";"";"";"";"";"";"";"";"";"";"";"";"";"";"";"";"";"";"";"";"";"";"";"";"";"";"";"";"";"";"";"";"";"";"";"";"";"";"";"";"";"";"";"";"";"";"";"";"";"";"";"APROVADO";"Marca Viária";"";"";"";"";"";"";"";"";"";"";"";"";"";"";"";"";"102.92";"";"";"";"";"6";"";"";"";"";"";"";"";"";"";"";"";"";"";"";"";"";"";"";"";"";"";"";"";"";"";"";"";"";"";"";"";"";"";"";"";"";"";"";"";"";"";"";"";"";"";"";"";"";"";"";"";"";"";"";"";"";"";"";"";"";"";"";"";"";"";"";"";"";"";"SH 493 RJ 112+600 S 4";"";"";"";"";"";"";"";"";"";"";"";"";"";"";"";"";"";"";"";"";"";"";"";"";"";"";"";"";"";"";"";"";"";"";"";"";"";"";"";"";"";"";"";"";"";"";"";"";"";"";"26";"";"";"";"100";"";"";"";"";"";""
"0000248f-b04d-46da-99d6-39dbfe4cc584";"https://app.kartado.com.br/#/SharedLink/Reporting/0000248f-b04d-46da-99d6-39dbfe4cc584/show?company=b9e4cd95-cb76-4dae-88e2-fd76c9a08110";"ERM-MONI-2025.78459";"BR-116/MG";"415.54";"415.54";"-18.894293066919584";"-41.94763704249899";"Monitoração de Sinalização Vertical";"";"";"";"Não se aplica";"";"";"";"Sul";"Monitoração";"Executado";"Compartilhado com ANTT";"Lucas Pereira Luiz";"";"Ecovias Rio Minas";"Ecovias Rio Minas";"";"2025-09-17T18:27";"2023-09-17T18:27";"2025-11-05T23:36";"2023-09-17T18:27";"Arquivo: SV - BR-116-MG - SUL | Descrição: R-01";"";"0";"";"ede002d6-3548-451c-9398-db6ecd1a70fb";"III";"Monitoração 1";"Vermelha";"Aprovado";"";"";"";"";"";"";"";"";"";"";"";"";"";"";"";"";"";"";"";"";"";"";"";"";"";"";"";"";"";"";"";"";"";"";"";"";"";"";"";"";"";"";"";"";"";"";"";"";"";"";"";"";"";"";"";"";"";"";"";"";"";"";"982.4";"0";"0";"Aprovado";"";"";"";"";"";"";"";"0.79";"Bom";"Bom";"";"";"";"";"";"";"";"";"";"";"";"";"";"";"";"";"";"";"";"";"";"";"";"";"";"";"";"";"";"";"";"";"";"";"";"";"";"";"";"";"";"";"";"";"";"";"";"";"";"";"";"Aprovado";"";"";"";"";"";"";"";"";"";"";"";"";"";"";"84.42";"SV 116 MG 415+540 S 1";"";"";"";"";"";"";"";"";"";"";"";"";"";"";"";"";"";"";"";"";"";"";"";"";"";"";"";"";"";"";"";"";"";"";"";"";"";"";"";"";"";"Regulamentação";"ACM";"1";"";"";"";"Madeira";"";"";"";"";"";"";"";"";"";"";"";"";""
"0000e714-b730-426f-84ae-1725fbeabb64";"https://app.kartado.com.br/#/SharedLink/Reporting/0000e714-b730-426f-84ae-1725fbeabb64/show?company=b9e4cd95-cb76-4dae-88e2-fd76c9a08110";"ERM-MONI-2026.14703";"BR-465/RJ";"19.963";"19.963";"-22.84417106899997";"-43.60755074699995";"Monitoração de Faixa de Domínio - Acessos";"";"";"";"Não se aplica";"";"";"";"Leste";"Monitoração";"Executado";"Criado";"Arthur Barros";"";"Ecovias Rio Minas";"Ecovias Rio Minas";"";"2026-07-02T20:28";"2026-07-02T20:24";"2026-07-02T20:35";"2022-11-01T00:00";"";"";"0";"";"711e1b49-d671-42f6-882f-c1a7e68913ad";"";"Monitoração 0 (Inicial)";"";"";"";"";"";"";"";"";"";"";"";"";"";"";"";"";"";"";"";"";"";"";"";"";"";"";"";"";"";"";"";"";"";"";"";"";"";"";"";"";"";"";"";"";"";"";"";"";"";"";"";"";"";"";"";"";"";"";"";"";"";"";"";"";"";"";"";"";"";"";"";"";"";"";"";"";"";"";"Periódica";"";"";"";"";"";"";"";"";"Irregulares/não autorizados, necessitando de analise do projeto perante normas técnicas vigentes (DNIT, ABNT e ANTT)";"";"";"";"";"";"";"";"";"";"";"";"";"";"";"";"";"";"";"";"";"";"";"";"";"";"";"";"";"";"";"";"";"";"";"";"";"";"";"";"";"";"";"";"";"";"";"";"";"";"";"";"";"";"";"";"";"";"AC 465 RJ 019+963 L 1";"";"";"";"";"";"";"";"";"";"";"";"";"";"";"";"";"Público";"Não Pavimentado";"";"";"";"";"";"";"";"";"";"";"";"";"";"";"";"";"";"";"";"";"";"";"";"";"";"";"";"";"";"";"";"";"";"";"";"";"";"";"";"PREFEITURA MUNICIPAL DE NOVA IGUACU";"";"";""
"0002b5fd-20a7-4fc6-8c71-93342662f522";"https://app.kartado.com.br/#/SharedLink/Reporting/0002b5fd-20a7-4fc6-8c71-93342662f522/show?company=b9e4cd95-cb76-4dae-88e2-fd76c9a08110";"ERM-MONI-2025.20028";"BR-116/RJ";"145.745";"145.745";"-22.66465235";"-43.25897221";"Monitoração de Sinalização Vertical";"";"4";"4";"Não se aplica";"";"";"";"Norte";"Monitoração";"Executado";"Compartilhado com ANTT";"Luan Poletti";"";"Ecovias Rio Minas";"Ecovias Rio Minas";"";"2025-09-13T21:44";"2024-09-13T21:44";"2025-11-05T23:36";"2024-09-13T21:44";"";"";"0";"";"19b67bd1-b855-4e00-9fdd-e71262fd61c3";"12";"Monitoração 2";"Azul";"Aprovado";"";"";"";"";"";"";"";"";"";"";"";"";"";"";"";"";"";"";"";"";"";"";"";"";"";"";"";"";"";"";"";"";"";"";"";"";"";"";"";"";"";"";"";"";"";"";"";"";"";"";"";"";"";"";"";"";"";"";"";"";"";"";"362.2";"0";"0";"Aprovado";"";"";"";"";"";"";"";"";"Bom";"Bom";"";"";"";"";"";"";"";"";"";"";"";"";"";"";"";"";"";"";"";"";"";"";"";"";"";"";"";"";"";"";"";"";"";"";"";"";"";"";"";"";"";"";"";"";"";"";"";"";"";"";"";"Aprovado";"";"";"";"";"";"";"";"";"";"";"";"";"";"";"84.3";"SV 116 RJ 145+745 N 1";"";"";"";"";"";"";"";"";"";"";"";"";"";"";"";"";"";"";"";"";"";"";"";"";"";"";"";"";"";"";"";"";"";"";"";"";"";"";"";"";"";"Apoio Operacional";"Aço";"";"";"";"";"";"";"";"";"";"";"";"";"";"";"";"";"";""
"00030fef-b7fd-493e-a360-96eef7c7de48";"https://app.kartado.com.br/#/SharedLink/Reporting/00030fef-b7fd-493e-a360-96eef7c7de48/show?company=b9e4cd95-cb76-4dae-88e2-fd76c9a08110";"ERM-MONI-2026.18984";"BR-465/RJ";"12.833";"12.833";"-22.79464208199994";"-43.64858934699998";"Monitoração de Faixa de Domínio - Acessos";"";"";"";"Não se aplica";"";"";"";"Leste";"Monitoração";"Executado";"Criado";"Arthur Barros";"";"Ecovias Rio Minas";"Ecovias Rio Minas";"";"2026-07-02T20:28";"2026-07-02T20:24";"2026-07-02T20:37";"2022-11-01T00:00";"INTERSEÇÃO";"";"0";"";"ba8b39fd-f446-4860-99b2-28a35983cee7";"";"Monitoração 0 (Inicial)";"";"";"";"";"";"";"";"";"";"";"";"";"";"";"";"";"";"";"";"";"";"";"";"";"";"";"";"";"";"";"";"";"";"";"";"";"";"";"";"";"";"";"";"";"";"";"";"";"";"";"";"";"";"";"";"";"";"";"";"";"";"";"";"";"";"";"";"";"";"";"";"";"";"";"";"";"";"";"Periódica";"";"";"";"";"";"";"";"";"Irregulares/não autorizados, necessitando de analise do projeto perante normas técnicas vigentes (DNIT, ABNT e ANTT)";"";"";"";"";"";"";"";"";"";"";"";"";"";"";"";"";"";"";"";"";"";"";"";"";"";"";"";"";"";"";"";"";"";"";"";"";"";"";"";"";"";"";"";"";"";"";"";"";"";"";"";"";"";"";"";"";"";"AC 465 RJ 012+833 L 1";"";"";"";"";"";"";"";"";"";"";"";"";"";"";"";"";"Público";"Pavimentado";"";"";"";"";"";"";"";"";"";"";"";"";"";"";"";"";"";"";"";"";"";"";"";"";"";"";"";"";"";"";"";"";"";"";"";"";"";"";"";"PREFEITURA MUNICIPAL DE SEROPEDICA";"";"";""
"00035070-6bcb-4f64-8f8f-5a2e05703607";"https://app.kartado.com.br/#/SharedLink/Reporting/00035070-6bcb-4f64-8f8f-5a2e05703607/show?company=b9e4cd95-cb76-4dae-88e2-fd76c9a08110";"ERM-MONI-2025.12883";"BR-116/MG";"778.655";"778.655";"-21.60861068";"-42.69552149";"Monitoração de Sinalização Vertical";"";"0.5";"0.6";"Não se aplica";"";"";"";"Norte";"Monitoração";"Executado";"Compartilhado com ANTT";"Luan Poletti";"";"Ecovias Rio Minas";"Ecovias Rio Minas";"";"2025-09-13T20:51";"2024-09-13T20:51";"2025-11-05T23:37";"2024-09-13T20:51";"";"";"0";"";"74ac2d1e-a347-495c-a3e2-af9efb082d48";"X";"Monitoração 2";"Amarela";"Aprovado";"";"";"";"";"";"";"";"";"";"";"";"";"";"";"";"";"";"";"";"";"";"";"";"";"";"";"";"";"";"";"";"";"";"";"";"";"";"";"";"";"";"";"";"";"";"";"";"";"";"";"";"";"";"";"";"";"";"";"";"";"";"";"0";"0";"0";"";"";"";"";"";"";"";"";"";"Bom";"Bom";"";"";"";"";"";"";"";"";"";"";"";"";"";"";"";"";"";"";"";"";"";"";"";"";"";"";"";"";"";"";"";"";"";"";"";"";"";"";"";"";"";"";"";"";"";"";"";"";"";"";"";"Aprovado";"";"";"";"";"";"";"";"";"";"";"";"";"";"";"759.2";"SV 116 MG 778+655 N 1";"";"";"";"";"";"";"";"";"";"";"";"";"";"";"";"";"";"";"";"";"";"";"";"";"";"";"";"";"";"";"";"";"";"";"";"";"";"";"";"";"";"Dispositivos Auxiliares";"ACM";"";"";"";"";"";"";"";"";"";"";"";"";"";"";"";"";"";""
"0003a3f2-ebaa-4ec1-bc2a-a2dc8cc139cb";"https://app.kartado.com.br/#/SharedLink/Reporting/0003a3f2-ebaa-4ec1-bc2a-a2dc8cc139cb/show?company=b9e4cd95-cb76-4dae-88e2-fd76c9a08110";"ERM-MONI-2025.135018";"BR-116/MG";"737";"737";"-21.37149319";"-42.47871667";"Monitoração de Pavimento Flexível";"";"";"";"Não se aplica";"";"";"";"Decrescente";"Monitoração";"Executado";"Compartilhado com ANTT";"Vidal Valério";"";"Ecovias Rio Minas";"Ecovias Rio Minas";"";"2025-09-19T08:43";"2022-09-19T08:43";"2025-11-05T23:37";"2022-09-19T08:43";"Relatório Dc: RT_ECRM_IGG_BR-116 MG | Relatório IRI: RT_ECRM_IRI_BR-116 MG | Relatório trincamento: RT_ECRM_Condições de Superfície_BR-116 MG | Relatório ATR: RT_ECRM_Condições de Superfície_BR-116 MG | Relatório IGG: RT_ECRM_IGG_BR-116 MG | Relatório VRD: RT_ECRM_Aderência_BR-116 MG | Relatório HS: RT_ECRM_Aderência_BR-116 MG";"";"0";"";"069d8d43-63b6-43ec-91ac-8f425f1ac009";"";"Monitoração 0 (Inicial)";"";"";"";"";"";"";"";"";"";"";"";"";"";"";"";"";"";"";"";"";"";"";"";"";"";"";"";"";"";"";"";"";"";"";"";"";"";"";"";"";"";"";"";"";"";"";"";"";"";"";"";"";"";"";"";"";"";"";"";"";"";"";"";"";"";"";"";"";"";"";"";"";"";"";"";"";"";"";"";"";"";"";"";"";"";"";"";"";"";"";"";"";"";"";"";"";"";"";"";"";"";"";"";"";"";"";"";"";"";"";"";"";"";"";"";"";"";"";"";"";"";"";"";"";"";"";"";"";"";"";"";"";"";"";"";"";"";"";"";"";"";"";"";"";"";"BR-116/MG737DF1";"";"";"";"";"";"";"";"";"";"";"";"";"";"";"";"";"";"";"";"";"";"";"";"";"";"";"";"";"";"";"";"";"";"";"";"";"";"";"";"";"";"";"";"";"";"";"";"";"";"";"";"";"";"";"";"";"";"";"";"";""
"000472d0-0345-4dd7-919e-dbd3a8a406e1";"https://app.kartado.com.br/#/SharedLink/Reporting/000472d0-0345-4dd7-919e-dbd3a8a406e1/show?company=b9e4cd95-cb76-4dae-88e2-fd76c9a08110";"ERM-MONI-2025.18687";"BR-116/MG";"811.31";"811.31";"-21.84382892";"-42.67636649";"Monitoração de Sinalização Vertical";"";"";"";"Não se aplica";"";"";"";"Sul";"Monitoração";"Executado";"Compartilhado com ANTT";"Luan Poletti";"";"Ecovias Rio Minas";"Ecovias Rio Minas";"";"2025-09-13T21:12";"2024-09-13T21:12";"2025-11-05T23:37";"2024-09-13T21:12";"";"";"0";"";"9b292509-a281-4c2a-b387-77974740657b";"III";"Monitoração 2";"Vermelha";"Aprovado";"";"";"";"";"";"";"";"";"";"";"";"";"";"";"";"";"";"";"";"";"";"";"";"";"";"";"";"";"";"";"";"";"";"";"";"";"";"";"";"";"";"";"";"";"";"";"";"";"";"";"";"";"";"";"";"";"";"";"";"";"";"";"786.2";"0";"0";"Aprovado";"";"";"";"";"";"";"";"";"Bom";"Bom";"";"";"";"";"";"";"";"";"";"";"";"";"";"";"";"";"";"";"";"";"";"";"";"";"";"";"";"";"";"";"";"";"";"";"";"";"";"";"";"";"";"";"";"";"";"";"";"";"";"";"";"Aprovado";"";"";"";"";"";"";"";"";"";"";"";"";"";"";"209";"SV 116 MG 811+310 S 1";"";"";"";"";"";"";"";"";"";"";"";"";"";"";"";"";"";"";"";"";"";"";"";"";"";"";"";"";"";"";"";"";"";"";"";"";"";"";"";"";"";"Regulamentação";"ACM";"1";"";"";"";"";"";"";"";"";"";"";"";"";"";"";"";"";""
"00051efb-ba50-4413-b93e-6e7e57b60774";"https://app.kartado.com.br/#/SharedLink/Reporting/00051efb-ba50-4413-b93e-6e7e57b60774/show?company=b9e4cd95-cb76-4dae-88e2-fd76c9a08110";"ERM-MONI-2025.89775";"BR-465/RJ";"21.35";"21.35";"-22.85505543602703";"-43.601906045727496";"Monitoração de Sinalização Vertical";"";"0.8";"1";"Não se aplica";"";"";"";"Norte";"Monitoração";"Executado";"Compartilhado com ANTT";"Lucas Pereira Luiz";"";"Ecovias Rio Minas";"Ecovias Rio Minas";"";"2025-09-17T19:35";"2023-09-17T19:35";"2025-11-05T23:37";"2023-09-17T19:35";"Arquivo: SV - BR-465-RJ - NORTE | Descrição: A-32b Composta";"";"0";"";"34b1cb59-9e8b-4fe8-8575-d0050b308dd5";"I";"Monitoração 1";"Amarela";"30%";"";"";"";"";"";"";"";"";"";"";"";"";"";"";"";"";"";"";"";"";"";"";"";"";"";"";"";"";"";"";"";"";"";"";"";"";"";"";"";"";"";"";"";"";"";"";"";"";"";"";"";"";"";"";"";"";"";"";"";"";"";"";"0";"0";"0";"";"";"";"";"";"";"";"";"0.8";"Bom";"Bom";"";"";"";"";"";"";"";"";"";"";"";"";"";"";"";"";"";"";"";"";"";"";"";"";"";"";"";"";"";"";"";"";"";"";"";"";"";"";"";"";"";"";"";"";"";"";"";"";"";"";"";"30%";"";"";"";"";"";"";"";"";"";"";"";"";"";"";"32.16";"SV 465 RJ 021+350 N 1";"";"";"";"";"";"";"";"";"";"";"";"";"";"";"";"";"";"";"";"";"";"";"";"";"";"";"";"";"";"";"";"";"";"";"";"";"";"";"";"";"";"Advertência";"Aço";"";"";"";"";"Madeira";"";"";"";"";"";"";"";"";"";"";"";"";""
"00065822-06a8-4d8d-8337-aa66870a39c9";"https://app.kartado.com.br/#/SharedLink/Reporting/00065822-06a8-4d8d-8337-aa66870a39c9/show?company=b9e4cd95-cb76-4dae-88e2-fd76c9a08110";"ERM-MONI-2026.11335";"BR-116/MG";"526.131";"526.131";"-19.7814218";"-42.1330067";"Monitoração de Faixa de Domínio - Acessos";"";"";"";"Não se aplica";"";"";"";"Sul";"Monitoração";"Executado";"Criado";"Arthur Barros";"";"Ecovias Rio Minas";"Ecovias Rio Minas";"";"2026-07-02T20:28";"2026-07-02T20:23";"2026-07-02T20:34";"2023-07-01T00:00";"";"";"0";"";"76c3131d-ac89-4a24-a138-eeb98434ab61";"";"Monitoração 1";"";"";"";"";"";"";"";"";"";"";"";"";"";"";"";"";"";"";"";"";"";"";"";"";"";"";"";"";"";"";"";"";"";"";"";"";"";"";"";"";"";"";"";"";"";"";"";"";"";"";"";"";"";"";"";"";"";"";"";"";"";"";"";"";"";"";"";"";"";"";"";"";"";"";"";"";"";"";"Periódica";"";"";"";"";"";"";"";"";"Regulares/autorizados, em condições satisfatórias (nada a providenciar)";"";"";"";"";"";"";"";"";"";"";"";"";"";"";"";"";"";"";"";"";"";"";"";"";"";"";"";"";"";"";"";"";"";"";"";"";"";"";"";"";"";"";"";"";"";"";"";"";"";"";"";"";"";"";"";"";"";"AC 116 MG 526+131 S 1";"";"";"";"";"";"";"";"";"";"";"";"";"";"";"";"";"Público";"Pavimentado";"";"";"";"";"";"";"";"";"";"";"";"";"";"";"";"";"";"";"";"";"";"";"";"";"";"";"";"";"";"";"";"";"";"";"";"";"";"";"";"EcoRioMinas Concessionária De Rodovias S.A";"";"";""
"0006d284-205f-423b-9598-361b3cc0b461";"https://app.kartado.com.br/#/SharedLink/Reporting/0006d284-205f-423b-9598-361b3cc0b461/show?company=b9e4cd95-cb76-4dae-88e2-fd76c9a08110";"ERM-MONI-2025.142848";"BR-116/MG";"616.289";"616.289";"-20.47543121379706";"-42.18056418109929";"Monitoração de Drenagem Profunda (OAC)";"";"";"";"Não se aplica";"";"";"";"Sul";"Monitoração";"Executado";"Compartilhado com ANTT";"Lucas Pereira Luiz";"";"Ecovias Rio Minas";"Ecovias Rio Minas";"";"2025-09-19T20:42";"2025-09-19T20:42";"2026-01-06T13:54";"2022-09-19T20:42";"Tipo Montante :SIMPLES | Tipo Jusante: SIMPLES";"";"0";"";"cf3251e9-fd04-4bb9-9e19-c6e8121f6c1f";"";"Monitoração 0 (Inicial)";"";"";"";"";"";"";"";"";"";"";"";"";"";"";"";"";"";"";"";"";"";"";"";"";"";"";"";"";"";"";"";"";"";"";"";"";"";"";"";"";"";"";"";"";"";"";"";"";"";"";"";"";"";"";"";"";"";"";"";"";"";"";"";"";"";"";"";"";"";"";"";"";"";"";"";"";"";"";"";"";"";"";"";"";"";"";"";"";"";"";"";"";"";"";"";"";"";"";"";"";"";"";"Bom";"Bom";"false";"false";"";"";"";"";"";"";"";"";"";"";"";"";"";"";"";"";"";"";"";"";"";"";"";"";"";"";"";"";"";"";"";"";"";"";"";"";"";"";"";"OAC BR 116 MG 616+290 S";"";"";"";"";"";"";"";"";"";"";"";"";"";"";"";"";"";"";"";"";"";"";"";"";"";"";"";"";"";"";"";"";"";"";"";"0.5";"";"0.5";"";"";"";"";"";"";"";"";"";"";"";"";"";"";"";"";"";"";"";"";"";"";""
"0007d263-eff4-4e6c-afcb-067891f00c71";"https://app.kartado.com.br/#/SharedLink/Reporting/0007d263-eff4-4e6c-afcb-067891f00c71/show?company=b9e4cd95-cb76-4dae-88e2-fd76c9a08110";"ERM-MONI-2025.100997";"BR-116/MG";"551";"551.978";"-19.98575";"-42.14359";"Monitoração de Drenagem Superficial";"400";"0.2";"0.5";"Não se aplica";"";"";"";"Sul";"Monitoração";"Executado";"Compartilhado com ANTT";"Vidal Valério";"";"Ecovias Rio Minas";"Ecovias Rio Minas";"";"2025-09-18T10:15";"2023-09-18T10:15";"2025-11-05T23:37";"2023-09-18T10:15";"";"";"0";"";"9fdb7cc6-9b10-4b91-8497-f1f900635769";"";"Monitoração 1";"";"";"";"";"";"";"";"";"";"";"";"";"";"";"";"";"";"";"";"";"";"";"";"";"";"";"";"";"";"";"";"";"";"";"";"";"";"";"";"";"";"";"";"";"";"";"";"";"";"";"";"";"";"";"";"";"";"";"";"";"";"";"";"";"";"";"";"";"";"";"";"";"";"";"";"";"";"";"";"";"";"";"";"";"";"";"";"";"";"";"";"";"";"";"";"";"";"";"";"";"";"true";"";"";"";"";"";"";"";"";"";"";"";"";"";"";"";"";"";"";"";"";"";"";"";"";"";"";"";"";"";"";"";"";"";"";"";"";"";"";"";"";"";"";"";"SJ BR 116 MG 551+578 S";"";"";"";"";"";"";"";"";"";"";"";"";"";"";"";"";"";"";"";"";"";"";"";"";"";"";"";"";"";"";"";"";"";"Sarjeta";"";"";"";"";"";"";"";"";"";"";"";"";"";"";"";"";"";"";"";"";"";"";"";"";"";"";""
"0007f815-aaeb-49db-ba53-34f085057018";"https://app.kartado.com.br/#/SharedLink/Reporting/0007f815-aaeb-49db-ba53-34f085057018/show?company=b9e4cd95-cb76-4dae-88e2-fd76c9a08110";"ERM-MONI-2025.86994";"BR-465/RJ";"21.835";"21.835";"-22.859417592409567";"-43.60169917725126";"Monitoração de Sinalização Vertical";"";"3";"1.5";"Não se aplica";"";"";"";"Norte";"Monitoração";"Executado";"Compartilhado com ANTT";"Lucas Pereira Luiz";"";"Ecovias Rio Minas";"Ecovias Rio Minas";"";"2025-09-17T19:33";"2023-09-17T19:33";"2025-11-05T23:37";"2023-09-17T19:33";"Arquivo: SV - BR-465-RJ - NORTE | Descrição: ADVERTÊNCIA";"";"0";"";"6875d247-207c-439c-b861-48414d73e7a1";"I";"Monitoração 1";"Amarela";"Aprovado";"";"";"";"";"";"";"";"";"";"";"";"";"";"";"";"";"";"";"";"";"";"";"";"";"";"";"";"";"";"";"";"";"";"";"";"";"";"";"";"";"";"";"";"";"";"";"";"";"";"";"";"";"";"";"";"";"";"";"";"";"";"";"0";"0";"0";"";"";"";"";"";"";"";"";"4.5";"Regular";"Bom";"";"";"";"";"";"";"";"";"";"";"";"";"";"";"";"";"";"";"";"";"";"";"";"";"";"";"";"";"";"";"";"";"";"";"";"";"";"";"";"";"";"";"";"";"";"";"";"";"";"";"";"Aprovado";"";"";"";"";"";"";"";"";"";"";"";"";"";"";"99.42";"SV 465 RJ 021+835 N 1";"";"";"";"";"";"";"";"";"";"";"";"";"";"";"";"";"";"";"";"";"";"";"";"";"";"";"";"";"";"";"";"";"";"";"";"";"";"";"";"";"";"Advertência";"Aço";"";"";"";"";"Madeira";"";"";"";"";"";"";"";"";"";"";"";"";""
"00084195-05a7-4d90-91bd-7c70976401fb";"https://app.kartado.com.br/#/SharedLink/Reporting/00084195-05a7-4d90-91bd-7c70976401fb/show?company=b9e4cd95-cb76-4dae-88e2-fd76c9a08110";"ERM-MONI-2025.88814";"BR-116/RJ";"118.9";"118.9";"-22.61229331570639";"-43.03330150454175";"Monitoração de Sinalização Vertical";"";"2.5";"0.95";"Não se aplica";"";"";"";"Sul";"Monitoração";"Executado";"Compartilhado com ANTT";"Lucas Pereira Luiz";"";"Ecovias Rio Minas";"Ecovias Rio Minas";"";"2025-09-17T19:34";"2023-09-17T19:34";"2025-11-05T23:37";"2023-09-17T19:34";"Arquivo: SV - BR-116-RJ - SUL | Descrição: ORIENTAÇÃO";"";"0";"";"ee2937cf-cf12-40fb-995a-8a9031e526f7";"I";"Monitoração 1";"Verde";"Aprovado";"";"";"";"";"";"";"";"";"";"";"";"";"";"";"";"";"";"";"";"";"";"";"";"";"";"";"";"";"";"";"";"";"";"";"";"";"";"";"";"";"";"";"";"";"";"";"";"";"";"";"";"";"";"";"";"";"";"";"";"";"";"";"940.2";"0";"0";"Aprovado";"";"";"";"";"";"";"";"2.38";"Bom";"Bom";"";"";"";"";"";"";"";"";"";"";"";"";"";"";"";"";"";"";"";"";"";"";"";"";"";"";"";"";"";"";"";"";"";"";"";"";"";"";"";"";"";"";"";"";"";"";"";"";"";"";"";"Aprovado";"";"";"";"";"";"";"";"";"";"";"";"";"";"";"112.4";"SV 116 RJ 118+900 S 9";"";"";"";"";"";"";"";"";"";"";"";"";"";"";"";"";"";"";"";"";"";"";"";"";"";"";"";"";"";"";"";"";"";"";"";"";"";"";"";"";"";"Orientação";"Aço";"";"";"";"";"Madeira";"";"";"";"";"";"";"";"";"";"";"";"";""
"000878a9-6f6b-4998-b4fd-611317fb7cbc";"https://app.kartado.com.br/#/SharedLink/Reporting/000878a9-6f6b-4998-b4fd-611317fb7cbc/show?company=b9e4cd95-cb76-4dae-88e2-fd76c9a08110";"ERM-MONI-2025.70157";"BR-116/RJ";"103.282";"103.282";"-22.50320803";"-42.99997365";"Monitoração de Sinalização Vertical";"";"0.3";"0.9";"Não se aplica";"";"";"";"Sul";"Monitoração";"Executado";"Compartilhado com ANTT";"Luiza Franco Suporte";"";"Ecovias Rio Minas";"Ecovias Rio Minas";"";"2025-09-17T17:01";"2022-09-17T17:01";"2025-11-05T23:37";"2022-09-17T17:01";"";"";"0";"";"20e515c8-698a-4795-ab74-e68904110d05";"X";"Monitoração 0 (Inicial)";"Amarela";"Aprovado";"";"";"";"";"";"";"";"";"";"";"";"";"";"";"";"";"";"";"";"";"";"";"";"";"";"";"";"";"";"";"";"";"";"";"";"";"";"";"";"";"";"";"";"";"";"";"";"";"";"";"";"";"";"";"";"";"";"";"";"";"";"";"0";"0";"0";"";"";"";"";"";"";"";"";"";"Bom";"Bom";"";"";"";"";"";"";"";"";"";"";"";"";"";"";"";"";"";"";"";"";"";"";"";"";"";"";"";"";"";"";"";"";"";"";"";"";"";"";"";"";"";"";"";"";"";"";"";"";"";"";"";"Aprovado";"";"";"";"";"";"";"";"";"";"";"";"";"";"";"597.6";"SV 116 RJ 103+282 S 2";"";"";"";"";"";"";"";"";"";"";"";"";"";"";"";"";"";"";"";"";"";"";"";"";"";"";"";"";"";"";"";"";"";"";"";"";"";"";"";"";"";"";"Aço";"";"";"0.135";"0";"";"";"";"";"";"";"";"";"";"";"";"";"";""
"0008ef0e-d56d-4b98-9690-33f44b4bf1bc";"https://app.kartado.com.br/#/SharedLink/Reporting/0008ef0e-d56d-4b98-9690-33f44b4bf1bc/show?company=b9e4cd95-cb76-4dae-88e2-fd76c9a08110";"ERM-MONI-2026.07943";"BR-116/MG";"500.77";"500.77";"-19.57061314";"-42.12109789";"Monitoração de Faixa de Domínio - Acessos";"";"";"";"Não se aplica";"";"";"";"Norte";"Monitoração";"Executado";"Criado";"Arthur Barros";"";"Ecovias Rio Minas";"Ecovias Rio Minas";"";"2026-07-02T20:28";"2026-07-02T20:23";"2026-07-02T20:32";"2024-07-01T00:00";"";"";"0";"";"349128d5-1551-466d-be20-287d44d0fa2f";"";"Monitoração 2";"";"";"";"";"";"";"";"";"";"";"";"";"";"";"";"";"";"";"";"";"";"";"";"";"";"";"";"";"";"";"";"";"";"";"";"";"";"";"";"";"";"";"";"";"";"";"";"";"";"";"";"";"";"";"";"";"";"";"";"";"";"";"";"";"";"";"";"";"";"";"";"";"";"";"";"";"";"";"Periódica";"";"";"";"";"";"";"";"";"Irregulares/não autorizados, necessitando de analise do projeto perante normas técnicas vigentes (DNIT, ABNT e ANTT)";"";"";"";"";"";"";"";"";"";"";"";"";"";"";"";"";"";"";"";"";"";"";"";"";"";"";"";"";"";"";"";"";"";"";"";"";"";"";"";"";"";"";"";"";"";"";"";"";"";"";"";"";"";"";"";"";"";"AC 116 MG 500+753 N 1";"";"";"";"";"";"";"";"";"";"";"";"";"";"";"";"";"Público";"Não Pavimentado";"";"";"";"";"";"";"";"";"";"";"";"";"";"";"";"";"";"";"";"";"";"";"";"";"";"";"";"";"";"";"";"";"";"";"";"";"";"";"";"Prefeitura Municipal De Inhapim";"";"";""
"00098eeb-1d77-4db6-aa0e-27d6bbbe11b1";"https://app.kartado.com.br/#/SharedLink/Reporting/00098eeb-1d77-4db6-aa0e-27d6bbbe11b1/show?company=b9e4cd95-cb76-4dae-88e2-fd76c9a08110";"ERM-MONI-2025.137425";"BR-116/MG";"769.233";"769.2365";"-21.55051947676765";"-42.67014135494067";"Monitoração de Sinalização Horizontal - Marcas Viárias";"3.5";"1";"";"Pista";"";"";"";"Sul";"Monitoração";"Executado";"Compartilhado com ANTT";"Luiza Franco Suporte";"";"Ecovias Rio Minas";"Ecovias Rio Minas";"";"2025-09-19T18:25";"2025-09-19T18:25";"2025-11-05T23:37";"2022-09-19T18:25";"Sinalização LEG";"";"0";"";"feb1cfcb-ff8b-4683-8ca6-4641d8d990d8";"";"Monitoração 0 (Inicial)";"";"";"";"";"";"";"";"";"";"";"";"";"";"";"";"";"";"";"";"";"";"";"";"";"";"";"";"";"";"";"";"";"";"";"";"";"";"";"";"";"";"";"";"";"";"";"";"";"";"";"";"";"Reprovado";"Marca Viária";"";"";"";"";"";"";"";"";"";"";"";"";"";"";"";"";"12";"";"";"";"";"3.5";"";"";"";"";"";"";"";"";"";"";"";"";"";"";"";"";"";"";"";"";"";"";"";"";"";"";"";"";"";"";"";"";"";"";"";"";"";"";"";"";"";"";"";"";"";"";"";"";"";"";"";"";"";"";"";"";"";"";"";"";"";"";"";"";"";"";"";"";"";"SH 116 MG 769,233 S 1";"";"";"";"";"";"";"";"";"";"";"";"";"";"";"";"";"";"";"";"";"";"";"";"";"";"";"";"";"";"";"";"";"";"";"";"";"";"";"";"";"";"";"";"";"";"";"";"";"";"";"";"";"";"";"";"";"";"";"";"";""
"0009d536-b290-4331-b4cf-d878bada8e74";"https://app.kartado.com.br/#/SharedLink/Reporting/0009d536-b290-4331-b4cf-d878bada8e74/show?company=b9e4cd95-cb76-4dae-88e2-fd76c9a08110";"ERM-MONI-2025.134100";"BR-116/RJ";"79";"79";"-22.37702477";"-42.95214775";"Monitoração de Pavimento Flexível";"";"";"";"Não se aplica";"";"";"";"Decrescente";"Monitoração";"Executado";"Compartilhado com ANTT";"Vidal Valério";"";"Ecovias Rio Minas";"Ecovias Rio Minas";"";"2025-09-19T08:43";"2022-09-19T08:43";"2025-11-05T23:37";"2022-09-19T08:43";"Relatório Dc: RT_ECRM_FWD_BR-116 RJ_R01 | Relatório IRI: RT_ECRM_IRI_BR-116 RJ | Relatório trincamento: RT_ECRM_Condições de Superfície_BR-116 RJ | Relatório ATR: RT_ECRM_Condições de Superfície_BR-116 RJ | Relatório IGG: RT_ECRM_IGG_BR-116 RJ";"";"0";"";"4a508055-3761-415b-8c9f-4b1ac2ce1742";"";"Monitoração 0 (Inicial)";"";"";"";"";"";"";"";"";"";"";"";"";"";"";"";"";"";"";"";"";"";"";"";"";"";"";"";"";"";"";"";"";"";"";"";"";"";"";"";"";"";"";"";"";"";"";"";"";"";"";"";"";"";"";"";"";"";"";"";"";"";"";"";"";"";"";"";"";"";"";"";"";"";"";"";"";"";"";"";"";"";"";"";"";"";"";"";"";"";"";"";"";"";"";"";"";"";"";"";"";"";"";"";"";"";"";"";"";"";"";"";"";"";"";"";"";"";"";"";"";"";"";"";"";"";"";"";"";"";"";"";"";"";"";"";"";"";"";"";"";"";"";"";"";"";"BR-116/RJ79DF1";"";"";"";"";"";"";"";"";"";"";"";"";"";"";"";"";"";"";"";"";"";"";"";"";"";"";"";"";"";"";"";"";"";"";"";"";"";"";"";"";"";"";"";"";"";"";"";"";"";"";"";"";"";"";"";"";"";"";"";"";""
"000a20fa-fab6-49bf-9e62-f7e587c99680";"https://app.kartado.com.br/#/SharedLink/Reporting/000a20fa-fab6-49bf-9e62-f7e587c99680/show?company=b9e4cd95-cb76-4dae-88e2-fd76c9a08110";"ERM-MONI-2025.18009";"BR-116/RJ";"25.64";"25.64";"-22.04151245";"-42.78264134";"Monitoração de Sinalização Vertical";"";"0.5";"0.6";"Não se aplica";"";"";"";"Norte";"Monitoração";"Executado";"Compartilhado com ANTT";"Luan Poletti";"";"Ecovias Rio Minas";"Ecovias Rio Minas";"";"2025-09-13T21:12";"2024-09-13T21:12";"2025-11-05T23:37";"2024-09-13T21:12";"";"";"0";"";"bd9f9149-42bf-495d-82b6-5f8200fc827f";"III";"Monitoração 2";"Amarela";"Aprovado";"";"";"";"";"";"";"";"";"";"";"";"";"";"";"";"";"";"";"";"";"";"";"";"";"";"";"";"";"";"";"";"";"";"";"";"";"";"";"";"";"";"";"";"";"";"";"";"";"";"";"";"";"";"";"";"";"";"";"";"";"";"";"0";"0";"0";"";"";"";"";"";"";"";"";"";"Ruim";"Bom";"";"";"";"";"";"";"";"";"";"";"";"";"";"";"";"";"";"";"";"";"";"";"";"";"";"";"";"";"";"";"";"";"";"";"";"";"";"";"";"";"";"";"";"";"";"";"";"";"";"";"";"Aprovado";"";"";"";"";"";"";"";"";"";"";"";"";"";"";"584";"SV 116 RJ 025+640 N 1";"";"";"";"";"";"";"";"";"";"";"";"";"";"";"";"";"";"";"";"";"";"";"";"";"";"";"";"";"";"";"";"";"";"";"";"";"";"";"";"";"";"Dispositivos Auxiliares";"ACM";"";"";"";"";"";"";"";"";"";"";"";"";"";"";"";"";"";""
"000a40b8-4f96-4069-8855-dd22e69e55c3";"https://app.kartado.com.br/#/SharedLink/Reporting/000a40b8-4f96-4069-8855-dd22e69e55c3/show?company=b9e4cd95-cb76-4dae-88e2-fd76c9a08110";"ERM-MONI-2025.48672";"BR-116/MG";"571.622";"571.38";"-20.12305";"-42.17657";"Monitoração de Terraplenos e Estruturas de Contenção";"242";"";"25";"Não se aplica";"";"";"";"Norte";"Monitoração";"Executado";"Compartilhado com ANTT";"Arthur Barros";"";"Ecovias Rio Minas";"Ecovias Rio Minas";"";"2025-09-16T22:59";"2025-09-16T22:59";"2025-11-05T23:37";"2024-09-16T22:59";"";"";"0";"";"434836c8-cae3-4f39-9c19-83ee4522b186";"";"Monitoração 2";"";"";"";"";"";"";"";"";"";"";"";"";"";"";"";"";"";"";"";"";"";"";"";"";"";"";"";"";"";"";"";"";"";"";"";"";"";"";"";"";"";"";"";"";"";"";"";"";"";"";"";"";"";"";"";"";"";"";"";"";"";"";"";"";"";"";"";"";"";"";"";"";"";"";"";"";"";"";"Periódica";"";"";"";"";"";"";"";"";"";"";"";"";"";"";"";"";"";"Insuficiente";"";"";"R1 - Risco baixo";"false";"";"";"";"";"";"";"";"";"";"";"";"";"";"";"";"";"";"";"";"";"";"";"";"";"";"";"";"";"";"";"";"";"";"";"";"";"";"";"";"";"";"";"";"";"TP BR 116 MG 571+622 N";"";"";"";"";"";"";"";"";"";"";"";"";"";"";"";"";"";"";"";"";"";"";"";"";"";"";"Arbórea";"60";"Corte";"Ondulado";"";"Inexistente";"";"";"";"";"";"";"";"";"";"";"";"";"";"";"";"";"";"";"";"";"";"";"";"";"";"";"";"";""
"000a7763-a014-4e91-ba0c-28db536c95af";"https://app.kartado.com.br/#/SharedLink/Reporting/000a7763-a014-4e91-ba0c-28db536c95af/show?company=b9e4cd95-cb76-4dae-88e2-fd76c9a08110";"ERM-MONI-2025.70743";"BR-116/RJ";"94.595";"94.595";"-22.46634868";"-43.0007751";"Monitoração de Sinalização Vertical";"";"";"";"Não se aplica";"";"";"";"Sul";"Monitoração";"Executado";"Compartilhado com ANTT";"Luiza Franco Suporte";"";"Ecovias Rio Minas";"Ecovias Rio Minas";"";"2025-09-17T17:02";"2022-09-17T17:02";"2025-11-05T23:37";"2022-09-17T17:02";"";"";"0";"";"dddfe20f-6fd7-4253-ba8f-c2d108f69825";"X";"Monitoração 0 (Inicial)";"Vermelha";"Aprovado";"";"";"";"";"";"";"";"";"";"";"";"";"";"";"";"";"";"";"";"";"";"";"";"";"";"";"";"";"";"";"";"";"";"";"";"";"";"";"";"";"";"";"";"";"";"";"";"";"";"";"";"";"";"";"";"";"";"";"";"";"";"";"883";"0";"0";"Aprovado";"";"";"";"";"";"";"";"";"Bom";"Bom";"";"";"";"";"";"";"";"";"";"";"";"";"";"";"";"";"";"";"";"";"";"";"";"";"";"";"";"";"";"";"";"";"";"";"";"";"";"";"";"";"";"";"";"";"";"";"";"";"";"";"";"Aprovado";"";"";"";"";"";"";"";"";"";"";"";"";"";"";"249";"SV 116 RJ 094+595 S 1";"";"";"";"";"";"";"";"";"";"";"";"";"";"";"";"";"";"";"";"";"";"";"";"";"";"";"";"";"";"";"";"";"";"";"";"";"";"";"";"";"";"";"ACM";"1";"";"";"0.785";"";"";"";"";"";"";"";"";"";"";"";"";"";""
"000aed83-44ce-469a-809c-52dcb0be4aef";"https://app.kartado.com.br/#/SharedLink/Reporting/000aed83-44ce-469a-809c-52dcb0be4aef/show?company=b9e4cd95-cb76-4dae-88e2-fd76c9a08110";"ERM-MONI-2025.13446";"BR-116/MG";"760.82";"760.82";"-21.52308994";"-42.61835829";"Monitoração de Sinalização Vertical";"";"";"";"Não se aplica";"";"";"";"Norte";"Monitoração";"Executado";"Compartilhado com ANTT";"Luan Poletti";"";"Ecovias Rio Minas";"Ecovias Rio Minas";"";"2025-09-13T20:51";"2024-09-13T20:51";"2025-11-05T23:37";"2024-09-13T20:51";"";"";"0";"";"94add91b-51a7-4d2c-827f-ead83ee8dc00";"III";"Monitoração 2";"Vermelha";"Aprovado";"";"";"";"";"";"";"";"";"";"";"";"";"";"";"";"";"";"";"";"";"";"";"";"";"";"";"";"";"";"";"";"";"";"";"";"";"";"";"";"";"";"";"";"";"";"";"";"";"";"";"";"";"";"";"";"";"";"";"";"";"";"";"1132.6";"0";"0";"Aprovado";"";"";"";"";"";"";"";"";"Bom";"Bom";"";"";"";"";"";"";"";"";"";"";"";"";"";"";"";"";"";"";"";"";"";"";"";"";"";"";"";"";"";"";"";"";"";"";"";"";"";"";"";"";"";"";"";"";"";"";"";"";"";"";"";"Aprovado";"";"";"";"";"";"";"";"";"";"";"";"";"";"";"196.8";"SV 116 MG 760+820 N 1";"";"";"";"";"";"";"";"";"";"";"";"";"";"";"";"";"";"";"";"";"";"";"";"";"";"";"";"";"";"";"";"";"";"";"";"";"";"";"";"";"";"Regulamentação";"ACM";"1";"";"";"";"";"";"";"";"";"";"";"";"";"";"";"";"";""
"000afb3c-8b2a-49da-9568-eb105bdc4a94";"https://app.kartado.com.br/#/SharedLink/Reporting/000afb3c-8b2a-49da-9568-eb105bdc4a94/show?company=b9e4cd95-cb76-4dae-88e2-fd76c9a08110";"ERM-MONI-2025.24435";"BR-116/RJ";"124.13";"124.13";"-22.64516234";"-43.06887751";"Monitoração de Sinalização Vertical";"";"";"";"Não se aplica";"";"";"";"Sul";"Monitoração";"Executado";"Compartilhado com ANTT";"Luan Poletti";"";"Ecovias Rio Minas";"Ecovias Rio Minas";"";"2025-09-15T09:14";"2024-09-15T09:14";"2025-11-05T23:37";"2024-09-15T09:14";"";"";"0";"";"bd5dbadf-ea3a-40e6-922b-011478a88211";"III";"Monitoração 2";"Vermelha";"Aprovado";"";"";"";"";"";"";"";"";"";"";"";"";"";"";"";"";"";"";"";"";"";"";"";"";"";"";"";"";"";"";"";"";"";"";"";"";"";"";"";"";"";"";"";"";"";"";"";"";"";"";"";"";"";"";"";"";"";"";"";"";"";"";"558.2";"0";"0";"Aprovado";"";"";"";"";"";"";"";"";"Bom";"Bom";"";"";"";"";"";"";"";"";"";"";"";"";"";"";"";"";"";"";"";"";"";"";"";"";"";"";"";"";"";"";"";"";"";"";"";"";"";"";"";"";"";"";"";"";"";"";"";"";"";"";"";"Aprovado";"";"";"";"";"";"";"";"";"";"";"";"";"";"";"123.8";"SV 116 RJ 124+130 S 1";"";"";"";"";"";"";"";"";"";"";"";"";"";"";"";"";"";"";"";"";"";"";"";"";"";"";"";"";"";"";"";"";"";"";"";"";"";"";"";"";"";"Regulamentação";"ACM";"1";"";"";"";"";"";"";"";"";"";"";"";"";"";"";"";"";""
"000df582-cac6-4316-bc97-ae252e7b2b43";"https://app.kartado.com.br/#/SharedLink/Reporting/000df582-cac6-4316-bc97-ae252e7b2b43/show?company=b9e4cd95-cb76-4dae-88e2-fd76c9a08110";"ERM-MONI-2025.80903";"BR-116/MG";"465.2";"465.2";"-19.280669062011324";"-42.07044934592108";"Monitoração de Sinalização Vertical";"";"2";"1.2";"Não se aplica";"";"";"";"Sul";"Monitoração";"Executado";"Compartilhado com ANTT";"Lucas Pereira Luiz";"";"Ecovias Rio Minas";"Ecovias Rio Minas";"";"2025-09-17T18:28";"2023-09-17T18:28";"2025-11-05T23:37";"2023-09-17T18:28";"Arquivo: SV - BR-116-MG - SUL | Descrição: ADVERTÊNCIA";"";"0";"";"00340b70-47ec-4dfb-81b4-05dae29a4f63";"III";"Monitoração 1";"Amarela";"Aprovado";"";"";"";"";"";"";"";"";"";"";"";"";"";"";"";"";"";"";"";"";"";"";"";"";"";"";"";"";"";"";"";"";"";"";"";"";"";"";"";"";"";"";"";"";"";"";"";"";"";"";"";"";"";"";"";"";"";"";"";"";"";"";"0";"0";"0";"";"";"";"";"";"";"";"";"2.4";"Bom";"Bom";"";"";"";"";"";"";"";"";"";"";"";"";"";"";"";"";"";"";"";"";"";"";"";"";"";"";"";"";"";"";"";"";"";"";"";"";"";"";"";"";"";"";"";"";"";"";"";"";"";"";"";"Aprovado";"";"";"";"";"";"";"";"";"";"";"";"";"";"";"601.8";"SV 116 MG 465+200 S 1";"";"";"";"";"";"";"";"";"";"";"";"";"";"";"";"";"";"";"";"";"";"";"";"";"";"";"";"";"";"";"";"";"";"";"";"";"";"";"";"";"";"Advertência";"Aço";"";"";"";"";"Madeira";"";"";"";"";"";"";"";"";"";"";"";"";""
"000e22e2-75ba-4f16-86f3-685c843b3d1e";"https://app.kartado.com.br/#/SharedLink/Reporting/000e22e2-75ba-4f16-86f3-685c843b3d1e/show?company=b9e4cd95-cb76-4dae-88e2-fd76c9a08110";"ERM-MONI-2025.133380";"BR-116/MG";"588";"588";"-20.24897662";"-42.14258012";"Monitoração de Pavimento Flexível";"";"";"";"Não se aplica";"";"";"";"Decrescente";"Monitoração";"Executado";"Compartilhado com ANTT";"Vidal Valério";"";"Ecovias Rio Minas";"Ecovias Rio Minas";"";"2025-09-19T08:42";"2022-09-19T08:42";"2025-11-05T23:37";"2022-09-19T08:42";"Relatório Dc: RT_ECRM_IGG_BR-116 MG | Relatório IRI: RT_ECRM_IRI_BR-116 MG | Relatório trincamento: RT_ECRM_Condições de Superfície_BR-116 MG | Relatório ATR: RT_ECRM_Condições de Superfície_BR-116 MG | Relatório IGG: RT_ECRM_IGG_BR-116 MG | Relatório VRD: RT_ECRM_Aderência_BR-116 MG | Relatório HS: RT_ECRM_Aderência_BR-116 MG";"";"0";"";"9ab9de1e-a81f-4a57-8356-61767d5481ff";"";"Monitoração 0 (Inicial)";"";"";"";"";"";"";"";"";"";"";"";"";"";"";"";"";"";"";"";"";"";"";"";"";"";"";"";"";"";"";"";"";"";"";"";"";"";"";"";"";"";"";"";"";"";"";"";"";"";"";"";"";"";"";"";"";"";"";"";"";"";"";"";"";"";"";"";"";"";"";"";"";"";"";"";"";"";"";"";"";"";"";"";"";"";"";"";"";"";"";"";"";"";"";"";"";"";"";"";"";"";"";"";"";"";"";"";"";"";"";"";"";"";"";"";"";"";"";"";"";"";"";"";"";"";"";"";"";"";"";"";"";"";"";"";"";"";"";"";"";"";"";"";"";"";"BR-116/MG588DF1";"";"";"";"";"";"";"";"";"";"";"";"";"";"";"";"";"";"";"";"";"";"";"";"";"";"";"";"";"";"";"";"";"";"";"";"";"";"";"";"";"";"";"";"";"";"";"";"";"";"";"";"";"";"";"";"";"";"";"";"";""
"000edd75-b83f-4ace-ba41-a56baa0cfc80";"https://app.kartado.com.br/#/SharedLink/Reporting/000edd75-b83f-4ace-ba41-a56baa0cfc80/show?company=b9e4cd95-cb76-4dae-88e2-fd76c9a08110";"ERM-MONI-2025.72213";"BR-116/MG";"769.716";"769.716";"-21.55069727326991";"-42.674526287227366";"Monitoração de Sinalização Vertical";"";"1";"1.5";"Não se aplica";"";"";"";"Norte";"Monitoração";"Executado";"Compartilhado com ANTT";"Luiza Franco Suporte";"";"Ecovias Rio Minas";"Ecovias Rio Minas";"";"2025-09-17T17:03";"2022-09-17T17:03";"2025-11-05T23:37";"2022-09-17T17:03";"";"";"0";"";"ae2a3948-ba80-424b-a3b3-67f6e52f3ea9";"I";"Monitoração 0 (Inicial)";"Amarela";"Aprovado";"";"";"";"";"";"";"";"";"";"";"";"";"";"";"";"";"";"";"";"";"";"";"";"";"";"";"";"";"";"";"";"";"";"";"";"";"";"";"";"";"";"";"";"";"";"";"";"";"";"";"";"";"";"";"";"";"";"";"";"";"";"";"0";"0";"0";"";"";"";"";"";"";"";"";"";"Bom";"Bom";"";"";"";"";"";"";"";"";"";"";"";"";"";"";"";"";"";"";"";"";"";"";"";"";"";"";"";"";"";"";"";"";"";"";"";"";"";"";"";"";"";"";"";"";"";"";"";"";"";"";"";"Aprovado";"";"";"";"";"";"";"";"";"";"";"";"";"";"";"44.8";"SV 116 MG 769+716 N 1";"";"";"";"";"";"";"";"";"";"";"";"";"";"";"";"";"";"";"";"";"";"";"";"";"";"";"";"";"";"";"";"";"";"";"";"";"";"";"";"";"";"";"Aço";"";"";"0.75";"0";"";"";"";"";"";"";"";"";"";"";"";"";"";""
"000f0704-ebad-44a9-8fcd-800b5853b576";"https://app.kartado.com.br/#/SharedLink/Reporting/000f0704-ebad-44a9-8fcd-800b5853b576/show?company=b9e4cd95-cb76-4dae-88e2-fd76c9a08110";"ERM-MONI-2025.57772";"BR-116/MG";"716.493";"716.493";"-21.21939844508146";"-42.39315172873385";"Monitoração de Sinalização Vertical";"";"3";"2";"Não se aplica";"";"";"";"Norte";"Monitoração";"Executado";"Compartilhado com ANTT";"Luiza Franco Suporte";"";"Ecovias Rio Minas";"Ecovias Rio Minas";"";"2025-09-17T16:55";"2022-09-17T16:55";"2025-11-05T23:37";"2022-09-17T16:55";"";"";"0";"";"a7e6ebd8-049e-40b4-8a49-d3ad02dcf1ce";"X";"Monitoração 0 (Inicial)";"Amarela";"Reprovado";"";"";"";"";"";"";"";"";"";"";"";"";"";"";"";"";"";"";"";"";"";"";"";"";"";"";"";"";"";"";"";"";"";"";"";"";"";"";"";"";"";"";"";"";"";"";"";"";"";"";"";"";"";"";"";"";"";"";"";"";"";"";"0";"0";"0";"";"";"";"";"";"";"";"";"";"Bom";"Bom";"";"";"";"";"";"";"";"";"";"";"";"";"";"";"";"";"";"";"";"";"";"";"";"";"";"";"";"";"";"";"";"";"";"";"";"";"";"";"";"";"";"";"";"";"";"";"";"";"";"";"";"Reprovado";"";"";"";"";"";"";"";"";"";"";"";"";"";"";"0.62";"SV 116 MG 716+493 N 1";"";"";"";"";"";"";"";"";"";"";"";"";"";"";"";"";"";"";"";"";"";"";"";"";"";"";"";"";"";"";"";"";"";"";"";"";"";"";"";"";"";"";"Aço";"";"";"3";"0";"";"";"";"";"";"";"";"";"";"";"";"";"";""
"000f4e09-f94d-4744-9335-3134bcfaeea2";"https://app.kartado.com.br/#/SharedLink/Reporting/000f4e09-f94d-4744-9335-3134bcfaeea2/show?company=b9e4cd95-cb76-4dae-88e2-fd76c9a08110";"ERM-MONI-2025.84313";"BR-116/RJ";"100";"100";"-22.485651";"-43.000876";"Monitoração de Sinalização Vertical";"";"0.6";"1.4";"Não se aplica";"";"";"";"Norte";"Monitoração";"Executado";"Compartilhado com ANTT";"Lucas Pereira Luiz";"";"Ecovias Rio Minas";"Ecovias Rio Minas";"";"2025-09-17T18:35";"2023-09-17T18:35";"2025-11-05T23:37";"2023-09-17T18:35";"Arquivo: SV - BR-116-RJ - NORTE | Descrição: IL-01";"";"0";"";"c1954fae-5313-4cde-a74d-08b18ce7ce23";"III";"Monitoração 1";"Azul";"Aprovado";"";"";"";"";"";"";"";"";"";"";"";"";"";"";"";"";"";"";"";"";"";"";"";"";"";"";"";"";"";"";"";"";"";"";"";"";"";"";"";"";"";"";"";"";"";"";"";"";"";"";"";"";"";"";"";"";"";"";"";"";"";"";"563.8";"0";"0";"Aprovado";"";"";"";"";"";"";"";"0.84";"Bom";"Bom";"";"";"";"";"";"";"";"";"";"";"";"";"";"";"";"";"";"";"";"";"";"";"";"";"";"";"";"";"";"";"";"";"";"";"";"";"";"";"";"";"";"";"";"";"";"";"";"";"";"";"";"Aprovado";"";"";"";"";"";"";"";"";"";"";"";"";"";"";"135";"SV 116 RJ 100+000 N 1";"";"";"";"";"";"";"";"";"";"";"";"";"";"";"";"";"";"";"";"";"";"";"";"";"";"";"";"";"";"";"";"";"";"";"";"";"";"";"";"";"";"Localização";"ACM";"";"";"";"";"Madeira";"";"";"";"";"";"";"";"";"";"";"";"";""
"000f57d8-321a-4ece-b9d4-d1b3581ed810";"https://app.kartado.com.br/#/SharedLink/Reporting/000f57d8-321a-4ece-b9d4-d1b3581ed810/show?company=b9e4cd95-cb76-4dae-88e2-fd76c9a08110";"ERM-MONI-2025.46656";"BR-116/RJ-(DUTRA)";"194.799";"194.69";"-22.7361886388889";"-43.54373575";"Monitoração de Drenagem Superficial";"109";"0.4";"0.3";"Não se aplica";"";"";"";"Norte";"Monitoração";"Executado";"Compartilhado com ANTT";"Lucas Pereira Luiz";"";"Ecovias Rio Minas";"Ecovias Rio Minas";"";"2025-09-16T21:00";"2023-09-16T21:00";"2025-11-05T23:37";"2023-09-16T21:00";"";"";"0";"";"e8fd0675-1d02-4011-aae0-6fba250fcd12";"";"Monitoração 1";"";"";"";"";"";"";"";"";"";"";"";"";"";"";"";"";"";"";"";"";"";"";"";"";"";"";"";"";"";"";"";"";"";"";"";"";"";"";"";"";"";"";"";"";"";"";"";"";"";"";"";"";"";"";"";"";"";"";"";"";"";"";"";"";"";"";"";"";"";"";"";"";"";"";"";"";"";"";"";"";"";"";"";"";"";"";"";"";"";"";"";"";"";"";"";"";"";"";"";"";"";"false";"";"";"";"";"";"";"";"";"";"";"";"";"";"";"";"";"";"";"";"";"";"";"";"";"";"";"";"";"";"";"";"";"";"";"";"";"";"";"";"";"";"";"";"MF BR 116 RJ 194+799 N";"";"";"";"";"";"";"";"";"";"";"";"";"";"";"";"";"";"";"";"";"";"";"";"";"";"";"";"";"";"";"";"";"";"Meio-fio";"";"";"";"";"";"";"";"";"";"";"";"";"";"";"";"";"";"";"";"";"";"";"";"";"";"";""
"0010700e-7c78-4658-b519-8e71f3793c75";"https://app.kartado.com.br/#/SharedLink/Reporting/0010700e-7c78-4658-b519-8e71f3793c75/show?company=b9e4cd95-cb76-4dae-88e2-fd76c9a08110";"ERM-MONI-2025.43126";"BR-116/RJ";"91.894";"91.912";"-22.45823";"-42.976407";"Monitoração de Drenagem Profunda (OAC)";"18";"";"";"Não se aplica";"";"";"";"Sul";"Monitoração";"Executado";"Compartilhado com ANTT";"Luan Poletti";"";"Ecovias Rio Minas";"Ecovias Rio Minas";"";"2025-09-16T19:49";"2024-09-16T19:49";"2025-11-05T23:37";"2024-09-16T19:49";"Obs Montante: Tampa selada. | Obs Jusante: Dispositivo não localizado.";"";"0";"";"4ce3b514-e1a1-4407-9da9-630201a6fde5";"";"Monitoração 2";"";"";"";"";"";"";"";"";"";"";"";"";"";"";"";"";"";"";"";"";"";"";"";"";"";"";"";"";"";"";"";"";"";"";"";"";"";"";"";"";"";"";"";"";"";"";"";"";"";"";"";"";"";"";"";"";"";"";"";"";"";"";"";"";"";"";"";"";"";"";"";"";"";"";"";"";"";"";"";"";"";"";"";"";"";"";"";"";"";"";"";"";"";"";"";"";"";"";"";"";"";"";"Bom";"Regular";"false";"";"";"";"";"";"";"";"";"";"";"";"";"";"";"";"";"";"";"";"";"";"";"";"";"";"";"";"";"";"";"";"";"";"";"";"";"";"";"";"";"BU 116 RJ 091+894 S 1";"";"";"";"";"";"";"";"";"";"";"";"";"";"";"";"";"";"";"";"";"";"";"";"";"";"";"";"";"";"";"";"";"";"";"";"1,60x1,20x1,0";"2";"1,60x1,20x1,0";"2";"";"";"";"";"";"";"";"";"";"";"";"";"";"";"";"";"";"";"";"";"";""
"0010de9e-afbf-475c-a7c7-0f945219c074";"https://app.kartado.com.br/#/SharedLink/Reporting/0010de9e-afbf-475c-a7c7-0f945219c074/show?company=b9e4cd95-cb76-4dae-88e2-fd76c9a08110";"ERM-MONI-2025.48178";"BR-116/MG";"583.251";"583.035";"-20.22273";"-42.17896";"Monitoração de Terraplenos e Estruturas de Contenção";"216";"";"14";"Não se aplica";"";"";"";"Norte";"Monitoração";"Executado";"Compartilhado com ANTT";"Arthur Barros";"";"Ecovias Rio Minas";"Ecovias Rio Minas";"";"2025-09-16T22:59";"2025-09-16T22:59";"2025-11-05T23:37";"2024-09-16T22:59";"";"";"0";"";"eed07a2d-fa1a-4dcf-8615-fb64b2ec1fbc";"";"Monitoração 2";"";"";"";"";"";"";"";"";"";"";"";"";"";"";"";"";"";"";"";"";"";"";"";"";"";"";"";"";"";"";"";"";"";"";"";"";"";"";"";"";"";"";"";"";"";"";"";"";"";"";"";"";"";"";"";"";"";"";"";"";"";"";"";"";"";"";"";"";"";"";"";"";"";"";"";"";"";"";"Periódica";"";"";"";"";"";"";"";"";"";"";"";"";"";"";"";"";"";"Insuficiente";"";"";"R1 - Risco baixo";"false";"";"";"";"";"";"";"";"";"";"";"";"";"";"";"";"";"";"";"";"";"";"";"";"";"";"";"";"";"";"";"";"";"";"";"";"";"";"";"";"";"";"";"";"";"TP BR 116 MG 583+251 N";"";"";"";"";"";"";"";"";"";"";"";"";"";"";"";"";"";"";"";"";"";"";"";"";"";"";"Rasteira";"60";"Aterro";"Ondulado";"";"Inexistente";"";"";"";"";"";"";"";"";"";"";"";"";"";"";"";"";"";"";"";"";"";"";"";"";"";"";"";"";""
"0011431e-fb93-437b-8aa2-20edc67303de";"https://app.kartado.com.br/#/SharedLink/Reporting/0011431e-fb93-437b-8aa2-20edc67303de/show?company=b9e4cd95-cb76-4dae-88e2-fd76c9a08110";"ERM-MONI-2025.15444";"BR-116/MG";"717.45";"717.45";"-21.22719511";"-42.39450079";"Monitoração de Sinalização Vertical";"";"0.5";"0.6";"Não se aplica";"";"";"";"Sul";"Monitoração";"Executado";"Compartilhado com ANTT";"Luan Poletti";"";"Ecovias Rio Minas";"Ecovias Rio Minas";"";"2025-09-13T21:00";"2024-09-13T21:00";"2025-11-05T23:37";"2024-09-13T21:00";"";"";"0";"";"43327fb8-ee37-43e4-8aa5-95916063f7be";"X";"Monitoração 2";"Amarela";"Aprovado";"";"";"";"";"";"";"";"";"";"";"";"";"";"";"";"";"";"";"";"";"";"";"";"";"";"";"";"";"";"";"";"";"";"";"";"";"";"";"";"";"";"";"";"";"";"";"";"";"";"";"";"";"";"";"";"";"";"";"";"";"";"";"0";"0";"0";"";"";"";"";"";"";"";"";"";"Bom";"Bom";"";"";"";"";"";"";"";"";"";"";"";"";"";"";"";"";"";"";"";"";"";"";"";"";"";"";"";"";"";"";"";"";"";"";"";"";"";"";"";"";"";"";"";"";"";"";"";"";"";"";"";"Aprovado";"";"";"";"";"";"";"";"";"";"";"";"";"";"";"663.8";"SV 116 MG 717+450 S 1";"";"";"";"";"";"";"";"";"";"";"";"";"";"";"";"";"";"";"";"";"";"";"";"";"";"";"";"";"";"";"";"";"";"";"";"";"";"";"";"";"";"Dispositivos Auxiliares";"ACM";"";"";"";"";"";"";"";"";"";"";"";"";"";"";"";"";"";""
"00119022-ed2d-4f4f-97f9-246efe7119c7";"https://app.kartado.com.br/#/SharedLink/Reporting/00119022-ed2d-4f4f-97f9-246efe7119c7/show?company=b9e4cd95-cb76-4dae-88e2-fd76c9a08110";"ERM-MONI-2025.77839";"BR-116/MG";"478.135";"478.135";"-19.38003303962886";"-42.11083214107504";"Monitoração de Sinalização Vertical";"";"";"";"Não se aplica";"";"";"";"Norte";"Monitoração";"Executado";"Compartilhado com ANTT";"Lucas Pereira Luiz";"";"Ecovias Rio Minas";"Ecovias Rio Minas";"";"2025-09-17T18:10";"2023-09-17T18:10";"2025-11-05T23:37";"2023-09-17T18:10";"Arquivo: SV - BR-116-MG - NORTE | Descrição: R-24a";"";"0";"";"d17f5cd7-88a0-498e-9405-db25d6065bbe";"III";"Monitoração 1";"Vermelha";"Aprovado";"";"";"";"";"";"";"";"";"";"";"";"";"";"";"";"";"";"";"";"";"";"";"";"";"";"";"";"";"";"";"";"";"";"";"";"";"";"";"";"";"";"";"";"";"";"";"";"";"";"";"";"";"";"";"";"";"";"";"";"";"";"";"585.8";"0";"0";"Aprovado";"";"";"";"";"";"";"";"0.79";"Bom";"Bom";"";"";"";"";"";"";"";"";"";"";"";"";"";"";"";"";"";"";"";"";"";"";"";"";"";"";"";"";"";"";"";"";"";"";"";"";"";"";"";"";"";"";"";"";"";"";"";"";"";"";"";"Aprovado";"";"";"";"";"";"";"";"";"";"";"";"";"";"";"97.12";"SV 116 MG 478+135 N 1";"";"";"";"";"";"";"";"";"";"";"";"";"";"";"";"";"";"";"";"";"";"";"";"";"";"";"";"";"";"";"";"";"";"";"";"";"";"";"";"";"";"Regulamentação";"ACM";"1";"";"";"";"Madeira";"";"";"";"";"";"";"";"";"";"";"";"";""
"0012bf18-dde5-4add-91fe-dbc689173419";"https://app.kartado.com.br/#/SharedLink/Reporting/0012bf18-dde5-4add-91fe-dbc689173419/show?company=b9e4cd95-cb76-4dae-88e2-fd76c9a08110";"ERM-MONI-2026.06153";"BR-116/MG";"526.045";"526.045";"-19.78055999";"-42.13255887";"Monitoração de Faixa de Domínio - Acessos";"";"";"";"Não se aplica";"";"";"";"Norte";"Monitoração";"Executado";"Criado";"Arthur Barros";"";"Ecovias Rio Minas";"Ecovias Rio Minas";"";"2026-07-02T20:28";"2026-07-02T20:23";"2026-07-02T20:31";"2023-07-01T00:00";"";"";"0";"";"832c1360-3fb5-42a9-bcd3-c5da73e825dd";"";"Monitoração 1";"";"";"";"";"";"";"";"";"";"";"";"";"";"";"";"";"";"";"";"";"";"";"";"";"";"";"";"";"";"";"";"";"";"";"";"";"";"";"";"";"";"";"";"";"";"";"";"";"";"";"";"";"";"";"";"";"";"";"";"";"";"";"";"";"";"";"";"";"";"";"";"";"";"";"";"";"";"";"Periódica";"";"";"";"";"";"";"";"";"Regulares/autorizados, em condições satisfatórias (nada a providenciar)";"";"";"";"";"";"";"";"";"";"";"";"";"";"";"";"";"";"";"";"";"";"";"";"";"";"";"";"";"";"";"";"";"";"";"";"";"";"";"";"";"";"";"";"";"";"";"";"";"";"";"";"";"";"";"";"";"";"AC 116 MG 526+028 N 1";"";"";"";"";"";"";"";"";"";"";"";"";"";"";"";"";"Público";"Pavimentado";"";"";"";"";"";"";"";"";"";"";"";"";"";"";"";"";"";"";"";"";"";"";"";"";"";"";"";"";"";"";"";"";"";"";"";"";"";"";"";"EcoRioMinas Concessionária De Rodovias S.A";"";"";""
"00134fcf-6fc2-466b-93bf-631b325615d8";"https://app.kartado.com.br/#/SharedLink/Reporting/00134fcf-6fc2-466b-93bf-631b325615d8/show?company=b9e4cd95-cb76-4dae-88e2-fd76c9a08110";"ERM-MONI-2025.92288";"BR-116/MG";"510.69";"510.69";"-19.6555";"-42.113";"Monitoração de Drenagem Superficial";"";"";"";"Não se aplica";"";"";"";"Não se aplica";"Monitoração";"Executado";"Compartilhado com ANTT";"Luiza Franco Suporte";"";"Ecovias Rio Minas";"Ecovias Rio Minas";"";"2025-09-17T19:49";"2025-09-17T19:49";"2025-11-05T23:37";"2022-09-17T19:49";"KM ANTIGO 512+570";"";"0";"";"bc233ed4-1c32-459a-a09c-12cd2646b39e";"";"Monitoração 0 (Inicial)";"";"";"";"";"";"";"";"";"";"";"";"";"";"";"";"";"";"";"";"";"";"";"";"";"";"";"";"";"";"";"";"";"";"";"";"";"";"";"";"";"";"";"";"";"";"";"";"";"";"";"";"";"";"";"";"";"";"";"";"";"";"";"";"";"";"";"";"";"";"";"";"";"";"";"";"";"";"";"";"";"";"";"";"";"";"";"";"";"";"";"";"";"";"";"";"";"";"";"";"";"";"";"";"";"";"";"";"";"";"";"";"";"";"";"";"";"";"";"";"";"";"";"";"";"";"";"";"";"";"";"";"";"";"";"";"";"";"";"";"";"";"";"";"";"";"SJ BR 116 MG 510+690 S";"";"";"";"";"";"";"";"";"";"";"";"";"";"";"";"";"";"";"";"";"";"";"";"";"";"";"";"";"";"";"";"";"";"Sarjeta";"";"";"";"";"";"";"";"";"";"";"";"";"";"";"";"";"";"";"";"";"";"";"";"";"";"";""
"00141bdf-0a78-40a0-8749-17ccdb994b40";"https://app.kartado.com.br/#/SharedLink/Reporting/00141bdf-0a78-40a0-8749-17ccdb994b40/show?company=b9e4cd95-cb76-4dae-88e2-fd76c9a08110";"ERM-MONI-2026.11882";"BR-116/RJ";"33.922";"33.922";"-22.09096563";"-42.80870227";"Monitoração de Faixa de Domínio - Acessos";"";"";"";"Não se aplica";"";"";"";"Sul";"Monitoração";"Executado";"Criado";"Arthur Barros";"";"Ecovias Rio Minas";"Ecovias Rio Minas";"";"2026-07-02T20:28";"2026-07-02T20:24";"2026-07-02T20:34";"2024-07-01T00:00";"";"";"0";"";"180b0e9f-4828-4675-9bb1-11d310c2bc65";"";"Monitoração 2";"";"";"";"";"";"";"";"";"";"";"";"";"";"";"";"";"";"";"";"";"";"";"";"";"";"";"";"";"";"";"";"";"";"";"";"";"";"";"";"";"";"";"";"";"";"";"";"";"";"";"";"";"";"";"";"";"";"";"";"";"";"";"";"";"";"";"";"";"";"";"";"";"";"";"";"";"";"";"Periódica";"";"";"";"";"";"";"";"";"Regulares/autorizados, em condições satisfatórias (nada a providenciar)";"";"";"";"";"";"";"";"";"";"";"";"";"";"";"";"";"";"";"";"";"";"";"";"";"";"";"";"";"";"";"";"";"";"";"";"";"";"";"";"";"";"";"";"";"";"";"";"";"";"";"";"";"";"";"";"";"";"AC 116 RJ 033+922 S 1";"";"";"";"";"";"";"";"";"";"";"";"";"";"";"";"";"Público";"Pavimentado";"";"";"";"";"";"";"";"";"";"";"";"";"";"";"";"";"";"";"";"";"";"";"";"";"";"";"";"";"";"";"";"";"";"";"";"";"";"";"";"EcoRioMinas Concessionária De Rodovias S.A.";"";"";""
"00143a20-95f8-42bd-802c-e1365b2c9d09";"https://app.kartado.com.br/#/SharedLink/Reporting/00143a20-95f8-42bd-802c-e1365b2c9d09/show?company=b9e4cd95-cb76-4dae-88e2-fd76c9a08110";"ERM-MONI-2025.43083";"BR-116/RJ";"100.26";"100.303";"-22.487198243977986";"-43.00273511395964";"Monitoração de Drenagem Superficial";"43";"1";"0.3";"Não se aplica";"";"";"";"Sul";"Monitoração";"Identificado";"Compartilhado com ANTT";"Lucas Pereira Luiz";"";"Ecovias Rio Minas";"Ecovias Rio Minas";"";"2025-09-16T19:38";"2023-09-16T19:38";"2025-11-05T23:37";"2023-09-16T19:38";"";"";"0";"";"a952a1dc-bc38-49b2-b294-c4b208c0cafa";"";"Monitoração 1";"";"";"";"";"";"";"";"";"";"";"";"";"";"";"";"";"";"";"";"";"";"";"";"";"";"";"";"";"";"";"";"";"";"";"";"";"";"";"";"";"";"";"";"";"";"";"";"";"";"";"";"";"";"";"";"";"";"";"";"";"";"";"";"";"";"";"";"";"";"";"";"";"";"";"";"";"";"";"";"";"";"";"";"";"";"";"";"";"";"";"";"";"";"";"";"";"";"";"";"";"";"false";"";"";"";"";"";"";"";"";"";"";"";"";"";"";"";"";"";"";"";"";"";"";"";"";"";"";"";"";"";"";"";"";"";"";"";"";"";"";"";"";"";"";"";"CA BR 116 RJ 100+260 S";"";"";"";"";"";"";"";"";"";"";"";"";"";"";"";"";"";"";"";"";"";"";"";"";"";"";"";"";"";"";"";"";"";"Canaleta";"";"";"";"";"";"";"";"";"";"";"";"";"";"";"";"";"";"";"";"";"";"";"";"";"";"";""
"00150b62-ec5f-49af-8a4d-f01782ae25f4";"https://app.kartado.com.br/#/SharedLink/Reporting/00150b62-ec5f-49af-8a4d-f01782ae25f4/show?company=b9e4cd95-cb76-4dae-88e2-fd76c9a08110";"ERM-MONI-2025.86527";"BR-116/RJ";"129";"129";"-22.665174";"-43.108438";"Monitoração de Sinalização Vertical";"";"0.7";"1";"Não se aplica";"";"";"";"Norte";"Monitoração";"Executado";"Compartilhado com ANTT";"Lucas Pereira Luiz";"";"Ecovias Rio Minas";"Ecovias Rio Minas";"";"2025-09-17T18:36";"2023-09-17T18:36";"2025-11-05T23:37";"2023-09-17T18:36";"Arquivo: SV - BR-116-RJ - NORTE | Descrição: IL-01";"";"0";"";"91307200-39c4-4edf-b02d-0f094f2d5252";"III";"Monitoração 1";"Azul";"Aprovado";"";"";"";"";"";"";"";"";"";"";"";"";"";"";"";"";"";"";"";"";"";"";"";"";"";"";"";"";"";"";"";"";"";"";"";"";"";"";"";"";"";"";"";"";"";"";"";"";"";"";"";"";"";"";"";"";"";"";"";"";"";"";"549.8";"0";"0";"Aprovado";"";"";"";"";"";"";"";"0.7";"Bom";"Bom";"";"";"";"";"";"";"";"";"";"";"";"";"";"";"";"";"";"";"";"";"";"";"";"";"";"";"";"";"";"";"";"";"";"";"";"";"";"";"";"";"";"";"";"";"";"";"";"";"";"";"";"Aprovado";"";"";"";"";"";"";"";"";"";"";"";"";"";"";"63.4";"SV 116 RJ 129+000 N 1";"";"";"";"";"";"";"";"";"";"";"";"";"";"";"";"";"";"";"";"";"";"";"";"";"";"";"";"";"";"";"";"";"";"";"";"";"";"";"";"";"";"Localização";"PVC";"";"";"";"";"Madeira";"";"";"";"";"";"";"";"";"";"";"";"";""
"00154c6a-ce5b-4494-98f8-13fe1df79d5f";"https://app.kartado.com.br/#/SharedLink/Reporting/00154c6a-ce5b-4494-98f8-13fe1df79d5f/show?company=b9e4cd95-cb76-4dae-88e2-fd76c9a08110";"ERM-MONI-2025.23896";"BR-465/RJ";"15.39";"15.39";"-22.81127674";"-43.63128317";"Monitoração de Sinalização Vertical";"";"0.75";"0.65";"Não se aplica";"";"";"";"Sul";"Monitoração";"Executado";"Compartilhado com ANTT";"Luan Poletti";"";"Ecovias Rio Minas";"Ecovias Rio Minas";"";"2025-09-13T22:20";"2024-09-13T22:20";"2025-11-05T23:37";"2024-09-13T22:20";"";"";"0";"";"aefaca76-9676-4cfe-a55c-b7778934a0d5";"III";"Monitoração 2";"Vermelha";"Aprovado";"";"";"";"";"";"";"";"";"";"";"";"";"";"";"";"";"";"";"";"";"";"";"";"";"";"";"";"";"";"";"";"";"";"";"";"";"";"";"";"";"";"";"";"";"";"";"";"";"";"";"";"";"";"";"";"";"";"";"";"";"";"";"492.6";"0";"0";"Aprovado";"";"";"";"";"";"";"";"";"Bom";"Bom";"";"";"";"";"";"";"";"";"";"";"";"";"";"";"";"";"";"";"";"";"";"";"";"";"";"";"";"";"";"";"";"";"";"";"";"";"";"";"";"";"";"";"";"";"";"";"";"";"";"";"";"Aprovado";"";"";"";"";"";"";"";"";"";"";"";"";"";"";"119.6";"SV 465 RJ 015+390 S 2";"";"";"";"";"";"";"";"";"";"";"";"";"";"";"";"";"";"";"";"";"";"";"";"";"";"";"";"";"";"";"";"";"";"";"";"";"";"";"";"";"";"Regulamentação";"ACM";"";"";"";"";"";"";"";"";"";"";"";"";"";"";"";"";"";""
"0015c56a-54ab-4941-aaf3-59c7079f891d";"https://app.kartado.com.br/#/SharedLink/Reporting/0015c56a-54ab-4941-aaf3-59c7079f891d/show?company=b9e4cd95-cb76-4dae-88e2-fd76c9a08110";"ERM-MONI-2025.48589";"BR-493/RJ";"22.83";"23";"-22.65702";"-43.06433";"Monitoração de Terraplenos e Estruturas de Contenção";"170";"";"20";"Não se aplica";"";"";"";"Sul";"Monitoração";"Executado";"Compartilhado com ANTT";"Arthur Barros";"";"Ecovias Rio Minas";"Ecovias Rio Minas";"";"2025-09-16T22:59";"2025-09-16T22:59";"2025-11-05T23:37";"2024-09-16T22:59";"";"";"0";"";"4376c550-41ff-4a93-83d5-bacd24f5c279";"";"Monitoração 2";"";"";"";"";"";"";"";"";"";"";"";"";"";"";"";"";"";"";"";"";"";"";"";"";"";"";"";"";"";"";"";"";"";"";"";"";"";"";"";"";"";"";"";"";"";"";"";"";"";"";"";"";"";"";"";"";"";"";"";"";"";"";"";"";"";"";"";"";"";"";"";"";"";"";"";"";"";"";"Periódica";"";"";"";"";"";"";"";"";"";"";"";"";"";"";"";"";"";"";"";"";"R1 - Risco baixo";"false";"";"";"";"";"";"";"";"";"";"";"";"";"";"";"";"";"";"";"";"";"";"";"";"";"";"";"";"";"";"";"";"";"";"";"";"";"";"";"";"";"";"";"";"";"TP BR 493 RJ 022+830 S";"";"";"";"";"";"";"";"";"";"";"";"";"";"";"";"";"";"";"";"";"";"";"";"";"";"";"Arbórea";"32";"Corte";"Suave";"";"Inexistente";"";"";"";"";"";"";"";"";"";"";"";"";"";"";"";"";"";"";"";"";"";"";"";"";"";"";"";"";""
"001615dc-0379-4ca5-9134-af7a1be4c62c";"https://app.kartado.com.br/#/SharedLink/Reporting/001615dc-0379-4ca5-9134-af7a1be4c62c/show?company=b9e4cd95-cb76-4dae-88e2-fd76c9a08110";"ERM-MONI-2025.46178";"BR-116/RJ-(DUTRA)";"205.467";"205.467";"-22.7269078333333";"-43.6458705";"Monitoração de Drenagem Superficial";"12";"0.5";"0.2";"Não se aplica";"";"";"";"Sul";"Monitoração";"Executado";"Compartilhado com ANTT";"Lucas Pereira Luiz";"";"Ecovias Rio Minas";"Ecovias Rio Minas";"";"2025-09-16T21:00";"2023-09-16T21:00";"2025-11-05T23:37";"2023-09-16T21:00";"";"";"0";"";"ccc8140a-7c94-4e15-88b4-c698b38b73a9";"";"Monitoração 1";"";"";"";"";"";"";"";"";"";"";"";"";"";"";"";"";"";"";"";"";"";"";"";"";"";"";"";"";"";"";"";"";"";"";"";"";"";"";"";"";"";"";"";"";"";"";"";"";"";"";"";"";"";"";"";"";"";"";"";"";"";"";"";"";"";"";"";"";"";"";"";"";"";"";"";"";"";"";"";"";"";"";"";"";"";"";"";"";"";"";"";"";"";"";"";"";"";"";"";"";"";"false";"";"";"";"";"";"";"";"";"";"";"";"";"";"";"";"";"";"";"";"";"";"";"";"";"";"";"";"";"";"";"";"";"";"";"";"";"";"";"";"";"";"";"";"DA BR 116 RJ 205+467 S";"";"";"";"";"";"";"";"";"";"";"";"";"";"";"";"";"";"";"";"";"";"";"";"";"";"";"";"";"";"";"";"";"";"Descida d'água";"";"";"";"";"";"";"";"";"";"";"";"";"";"";"";"";"";"";"";"";"";"";"";"";"";"";""
"0016aa02-b4fd-4309-90a9-568c7d152a69";"https://app.kartado.com.br/#/SharedLink/Reporting/0016aa02-b4fd-4309-90a9-568c7d152a69/show?company=b9e4cd95-cb76-4dae-88e2-fd76c9a08110";"ERM-MONI-2026.07225";"BR-116/MG";"581.462";"581.462";"-20.20664609";"-42.18233524";"Monitoração de Faixa de Domínio - Acessos";"";"";"";"Não se aplica";"";"";"";"Sul";"Monitoração";"Executado";"Criado";"Arthur Barros";"";"Ecovias Rio Minas";"Ecovias Rio Minas";"";"2026-07-02T20:28";"2026-07-02T20:24";"2026-07-02T20:31";"2024-07-01T00:00";"";"";"0";"";"ded31aa8-6701-4c4c-98d3-d28f258a494e";"";"Monitoração 2";"";"";"";"";"";"";"";"";"";"";"";"";"";"";"";"";"";"";"";"";"";"";"";"";"";"";"";"";"";"";"";"";"";"";"";"";"";"";"";"";"";"";"";"";"";"";"";"";"";"";"";"";"";"";"";"";"";"";"";"";"";"";"";"";"";"";"";"";"";"";"";"";"";"";"";"";"";"";"Periódica";"";"";"";"";"";"";"";"";"Irregulares/não autorizados, necessitando de analise do projeto perante normas técnicas vigentes (DNIT, ABNT e ANTT)";"";"";"";"";"";"";"";"";"";"";"";"";"";"";"";"";"";"";"";"";"";"";"";"";"";"";"";"";"";"";"";"";"";"";"";"";"";"";"";"";"";"";"";"";"";"";"";"";"";"";"";"";"";"";"";"";"";"AC 116 MG 581+462 S 1";"";"";"";"";"";"";"";"";"";"";"";"";"";"";"";"";"Público";"Não Pavimentado";"";"";"";"";"";"";"";"";"";"";"";"";"";"";"";"";"";"";"";"";"";"";"";"";"";"";"";"";"";"";"";"";"";"";"";"";"";"";"";"Prefeitura Municipal De Manhuaçu";"";"";""
"0018362a-2272-4d6c-aa15-cc8ccb0d9991";"https://app.kartado.com.br/#/SharedLink/Reporting/0018362a-2272-4d6c-aa15-cc8ccb0d9991/show?company=b9e4cd95-cb76-4dae-88e2-fd76c9a08110";"ERM-MONI-2026.01608";"BR-465/RJ";"5.815";"5.815";"-22.75014984";"-43.6966854";"Monitoração de Faixa de Domínio - Ponto de Ônibus";"";"";"";"Não se aplica";"";"";"";"Norte";"Monitoração";"Executado";"Criado";"Arthur Barros";"";"Ecovias Rio Minas";"Ecovias Rio Minas";"";"2026-07-01T17:21";"2026-07-01T17:20";"2026-07-01T17:22";"2025-09-04T00:00";"";"";"0";"";"c68afe97-e546-4e3e-b7d8-4b544bbeee1c";"";"Monitoração 3";"";"";"";"";"";"";"";"";"";"";"";"";"";"";"";"";"";"";"";"";"";"";"";"";"";"";"";"";"";"";"";"";"";"";"";"";"";"";"";"";"";"";"";"";"";"";"";"";"";"";"";"";"";"";"";"";"";"";"";"";"";"";"";"";"";"";"";"";"";"";"";"";"";"";"";"";"";"";"Periódica";"";"";"";"";"";"";"";"";"";"";"";"";"";"";"";"";"";"";"";"";"";"";"";"";"";"";"";"";"";"";"";"";"";"";"";"";"";"";"";"";"";"";"";"";"";"";"";"";"";"";"";"";"";"";"";"";"";"";"";"";"";"";"";"";"";"";"OC 465 RJ 005+815 N 1";"";"";"";"";"";"";"";"";"";"";"";"";"";"";"";"";"";"";"";"";"";"";"";"";"";"";"";"";"";"";"";"";"";"";"";"";"";"";"";"";"";"";"";"";"";"";"";"";"";"";"";"";"";"";"";"";"";"";"";"";""
"00184088-de99-44c6-ac73-38224f7de4ad";"https://app.kartado.com.br/#/SharedLink/Reporting/00184088-de99-44c6-ac73-38224f7de4ad/show?company=b9e4cd95-cb76-4dae-88e2-fd76c9a08110";"ERM-MONI-2025.58016";"BR-116/RJ";"50.494";"50.494";"-22.18451559";"-42.85480359";"Monitoração de Sinalização Vertical";"";"2.5";"1.5";"Não se aplica";"";"";"";"Norte";"Monitoração";"Executado";"Compartilhado com ANTT";"Luiza Franco Suporte";"";"Ecovias Rio Minas";"Ecovias Rio Minas";"";"2025-09-17T16:55";"2022-09-17T16:55";"2025-11-05T23:37";"2022-09-17T16:55";"";"";"0";"";"b4edcf2a-d5a0-48e8-b2ba-5c9b1a5ce7b8";"III";"Monitoração 0 (Inicial)";"Amarela";"Aprovado";"";"";"";"";"";"";"";"";"";"";"";"";"";"";"";"";"";"";"";"";"";"";"";"";"";"";"";"";"";"";"";"";"";"";"";"";"";"";"";"";"";"";"";"";"";"";"";"";"";"";"";"";"";"";"";"";"";"";"";"";"";"";"0";"0";"0";"";"";"";"";"";"";"";"";"";"Bom";"Bom";"";"";"";"";"";"";"";"";"";"";"";"";"";"";"";"";"";"";"";"";"";"";"";"";"";"";"";"";"";"";"";"";"";"";"";"";"";"";"";"";"";"";"";"";"";"";"";"";"";"";"";"Aprovado";"";"";"";"";"";"";"";"";"";"";"";"";"";"";"475.2";"SV 116 RJ 050+494 N 1";"";"";"";"";"";"";"";"";"";"";"";"";"";"";"";"";"";"";"";"";"";"";"";"";"";"";"";"";"";"";"";"";"";"";"";"";"";"";"";"";"";"";"Fibra de Vidro";"";"";"1.875";"0";"";"";"";"";"";"";"";"";"";"";"";"";"";""
"0018c13b-ca91-4799-8dfe-4e6b8109290e";"https://app.kartado.com.br/#/SharedLink/Reporting/0018c13b-ca91-4799-8dfe-4e6b8109290e/show?company=b9e4cd95-cb76-4dae-88e2-fd76c9a08110";"ERM-MONI-2025.70095";"BR-116/RJ";"49.059";"49.059";"-22.17520697";"-42.84547476";"Monitoração de Sinalização Vertical";"";"0.15";"1.2";"Não se aplica";"";"";"";"Sul";"Monitoração";"Executado";"Compartilhado com ANTT";"Luiza Franco Suporte";"";"Ecovias Rio Minas";"Ecovias Rio Minas";"";"2025-09-17T17:01";"2022-09-17T17:01";"2025-11-05T23:37";"2022-09-17T17:01";"";"";"0";"";"837edd4e-0847-46f4-a4e2-c4c30bb445b1";"X";"Monitoração 0 (Inicial)";"11";"Aprovado";"";"";"";"";"";"";"";"";"";"";"";"";"";"";"";"";"";"";"";"";"";"";"";"";"";"";"";"";"";"";"";"";"";"";"";"";"";"";"";"";"";"";"";"";"";"";"";"";"";"";"";"";"";"";"";"";"";"";"";"";"";"";"0";"0";"0";"";"";"";"";"";"";"";"";"";"Bom";"Bom";"";"";"";"";"";"";"";"";"";"";"";"";"";"";"";"";"";"";"";"";"";"";"";"";"";"";"";"";"";"";"";"";"";"";"";"";"";"";"";"";"";"";"";"";"";"";"";"";"";"";"";"Aprovado";"";"";"";"";"";"";"";"";"";"";"";"";"";"";"742";"SV 116 RJ 049+059 S 1";"";"";"";"";"";"";"";"";"";"";"";"";"";"";"";"";"";"";"";"";"";"";"";"";"";"";"";"";"";"";"";"";"";"";"";"";"";"";"";"";"";"";"Aço";"";"";"0.09";"0";"";"";"";"";"";"";"";"";"";"";"";"";"";""
"0019369a-d8f1-4909-ae67-14ae494bae3d";"https://app.kartado.com.br/#/SharedLink/Reporting/0019369a-d8f1-4909-ae67-14ae494bae3d/show?company=b9e4cd95-cb76-4dae-88e2-fd76c9a08110";"ERM-MONI-2025.65385";"BR-465/RJ";"2.292";"2.292";"-22.72648996";"-43.71951018";"Monitoração de Sinalização Vertical";"";"";"";"Não se aplica";"";"";"";"Oeste";"Monitoração";"Executado";"Compartilhado com ANTT";"Luiza Franco Suporte";"";"Ecovias Rio Minas";"Ecovias Rio Minas";"";"2025-09-17T16:59";"2022-09-17T16:59";"2025-11-05T23:37";"2022-09-17T16:59";"";"";"0";"";"7e03ea99-f4df-4b33-acba-7994bb61309f";"I";"Monitoração 0 (Inicial)";"Vermelha";"Reprovado";"";"";"";"";"";"";"";"";"";"";"";"";"";"";"";"";"";"";"";"";"";"";"";"";"";"";"";"";"";"";"";"";"";"";"";"";"";"";"";"";"";"";"";"";"";"";"";"";"";"";"";"";"";"";"";"";"";"";"";"";"";"";"342.8";"0";"0";"Aprovado";"";"";"";"";"";"";"";"";"Bom";"Bom";"";"";"";"";"";"";"";"";"";"";"";"";"";"";"";"";"";"";"";"";"";"";"";"";"";"";"";"";"";"";"";"";"";"";"";"";"";"";"";"";"";"";"";"";"";"";"";"";"";"";"";"Reprovado";"";"";"";"";"";"";"";"";"";"";"";"";"";"";"2.72";"SV 465 RJ 002+292 O 1";"";"";"";"";"";"";"";"";"";"";"";"";"";"";"";"";"";"";"";"";"";"";"";"";"";"";"";"";"";"";"";"";"";"";"";"";"";"";"";"";"";"";"Aço";"1";"";"";"0.785";"";"";"";"";"";"";"";"";"";"";"";"";"";""
"001939c0-8d25-4d90-9895-3a65bd865c01";"https://app.kartado.com.br/#/SharedLink/Reporting/001939c0-8d25-4d90-9895-3a65bd865c01/show?company=b9e4cd95-cb76-4dae-88e2-fd76c9a08110";"ERM-MONI-2025.80871";"BR-116/MG";"543.615";"543.615";"-19.922691991490264";"-42.131367779353646";"Monitoração de Sinalização Vertical";"";"0.5";"0.6";"Não se aplica";"";"";"";"Sul";"Monitoração";"Executado";"Compartilhado com ANTT";"Lucas Pereira Luiz";"";"Ecovias Rio Minas";"Ecovias Rio Minas";"";"2025-09-17T18:28";"2023-09-17T18:28";"2025-11-05T23:37";"2023-09-17T18:28";"Arquivo: SV - BR-116-MG - SUL | Descrição: M.A.";"";"0";"";"a8a9cd29-b714-4a39-a427-c5e231c35320";"X";"Monitoração 1";"Amarela";"Aprovado";"";"";"";"";"";"";"";"";"";"";"";"";"";"";"";"";"";"";"";"";"";"";"";"";"";"";"";"";"";"";"";"";"";"";"";"";"";"";"";"";"";"";"";"";"";"";"";"";"";"";"";"";"";"";"";"";"";"";"";"";"";"";"0";"0";"0";"";"";"";"";"";"";"";"";"0.3";"Bom";"Bom";"";"";"";"";"";"";"";"";"";"";"";"";"";"";"";"";"";"";"";"";"";"";"";"";"";"";"";"";"";"";"";"";"";"";"";"";"";"";"";"";"";"";"";"";"";"";"";"";"";"";"";"Aprovado";"";"";"";"";"";"";"";"";"";"";"";"";"";"";"918.4";"SV 116 MG 543+615 S 1";"";"";"";"";"";"";"";"";"";"";"";"";"";"";"";"";"";"";"";"";"";"";"";"";"";"";"";"";"";"";"";"";"";"";"";"";"";"";"";"";"";"Dispositivos Auxiliares";"ACM";"";"";"";"";"Madeira";"";"";"";"";"";"";"";"";"";"";"";"";""
"001948be-3814-4cc3-85a8-2c027ad6827b";"https://app.kartado.com.br/#/SharedLink/Reporting/001948be-3814-4cc3-85a8-2c027ad6827b/show?company=b9e4cd95-cb76-4dae-88e2-fd76c9a08110";"ERM-MONI-2025.24385";"BR-116/MG";"524.05";"524.05";"-19.76408786";"-42.13210601";"Monitoração de Edificações e Instalações Operacionais";"";"";"";"Não se aplica";"";"";"";"Sul";"Monitoração";"Executado";"Compartilhado com ANTT";"Luan Poletti";"";"Ecovias Rio Minas";"Ecovias Rio Minas";"";"2025-09-14T08:27";"2024-09-14T08:27";"2025-11-05T23:37";"2024-09-14T08:27";"";"";"0";"";"1c825c87-cf74-4499-b747-f9630fce4292";"";"Monitoração 2";"";"";"";"";"";"";"";"";"";"";"";"";"";"";"";"";"";"";"";"";"";"";"";"";"";"";"";"";"";"";"";"";"";"";"";"";"";"";"";"";"";"";"";"";"";"";"";"";"";"";"";"";"";"";"";"";"";"";"";"";"";"";"";"";"";"";"";"";"";"";"";"";"";"";"";"";"";"";"";"";"";"";"";"";"";"";"";"";"";"";"";"";"";"";"";"";"";"";"";"";"";"";"";"";"";"";"";"";"";"";"";"";"";"";"";"";"";"";"";"";"";"";"";"";"";"";"";"";"";"";"";"";"";"";"";"";"";"";"";"";"";"";"";"";"";"EDF 116 MG 524+050 S 1";"";"";"";"";"";"";"";"";"";"";"";"Polícia Rodoviária Federal - PRF. Edificação térrea com fechamento vertical em alvenaria e garagem coberta com telha cerâmica destinada aos veículos oficiais.";"";"Praças de Pedágio: Fixa";"272";"1";"";"";"";"";"";"";"";"";"";"";"";"";"";"";"";"";"";"";"";"";"";"";"";"";"";"";"";"";"";"";"";"";"";"";"";"";"";"";"";"";"";"";"";"";"Regular"
"001bc25b-d6c4-491b-bafa-418577c74e06";"https://app.kartado.com.br/#/SharedLink/Reporting/001bc25b-d6c4-491b-bafa-418577c74e06/show?company=b9e4cd95-cb76-4dae-88e2-fd76c9a08110";"ERM-MONI-2025.106569";"BR-116/RJ-(DUTRA)";"195.15";"195.15";"-22.73578601";"-43.54789812";"Monitoração de Sinalização Horizontal - Marcas Viárias";"3";"0.3";"";"Não se aplica";"";"";"";"Sul";"Monitoração";"Executado";"Compartilhado com ANTT";"Lucas Pereira Luiz";"";"Ecovias Rio Minas";"Ecovias Rio Minas";"";"2025-09-18T14:53";"2025-09-18T14:53";"2025-11-05T23:37";"2023-09-18T14:53";"Sinalização: LEV";"";"0";"";"9841f803-67aa-46b9-8d76-86fd68d58863";"";"Monitoração 1";"";"";"";"";"";"";"";"";"";"";"";"";"";"";"";"";"";"";"";"";"";"";"";"";"";"";"";"";"";"";"";"";"";"";"";"";"";"";"";"";"";"";"";"";"";"";"";"";"";"";"";"";"Aprovado";"";"";"";"";"";"";"";"";"";"";"";"";"";"";"";"";"";"120.33";"";"";"";"";"0.9";"";"";"";"";"";"";"";"";"";"";"";"";"";"";"";"";"";"";"";"";"";"";"";"";"";"";"";"";"";"";"";"";"";"";"";"";"";"";"";"";"";"";"";"";"";"";"";"";"";"";"";"";"";"";"";"";"";"";"";"";"";"";"";"";"";"";"";"";"";"SH 116 RJ 195+150 S 1";"";"";"";"";"";"";"";"";"";"";"";"";"";"";"";"";"";"";"";"";"";"";"";"";"";"";"";"";"";"";"";"";"";"";"";"";"";"";"";"";"";"";"";"";"";"";"";"";"";"";"2";"";"";"";"";"";"";"";"";"";""
"001bdee5-a4ef-4816-98ee-8e968eb40a01";"https://app.kartado.com.br/#/SharedLink/Reporting/001bdee5-a4ef-4816-98ee-8e968eb40a01/show?company=b9e4cd95-cb76-4dae-88e2-fd76c9a08110";"ERM-MONI-2025.01682";"BR-116/RJ-(DUTRA)";"174.05";"174.157";"-22.79476605";"-43.36308489";"Monitoração de EPS - Barreiras Rígidas";"107";"";"0.75";"Expressa";"";"";"";"Sul";"Monitoração";"Executado";"Compartilhado com ANTT";"Luan Poletti";"";"Ecovias Rio Minas";"Ecovias Rio Minas";"";"2025-09-06T17:52";"2024-09-06T17:52";"2026-01-08T23:23";"2024-09-06T17:52";"BARREIRA DE CONCRETO - BR-116-RJ-(DUTRA)";"";"0";"";"bfcb5498-4865-4da9-acb4-06bc05827da5";"";"";"";"";"";"";"";"";"";"";"";"";"";"";"";"";"";"";"";"";"";"";"";"";"";"";"";"";"";"";"";"";"";"";"";"";"";"";"";"";"";"";"";"";"";"";"";"";"";"";"";"";"";"";"";"";"";"";"true";"";"";"1";"";"";"false";"";"";"";"";"";"";"";"";"";"";"";"";"";"";"";"";"";"";"";"";"";"";"";"";"";"";"";"";"";"";"";"";"";"";"";"";"";"";"";"";"";"";"";"";"";"";"";"";"";"";"";"";"";"";"";"";"";"";"";"";"1";"Não atendido";"";"";"";"";"";"";"";"";"";"";"";"";"";"";"";"";"";"";"";"";"BC 116 RJ 174+050 S 1";"";"";"";"";"";"";"";"";"";"";"";"";"";"";"";"";"";"";"";"";"";"";"";"";"";"";"";"";"";"";"";"";"";"";"";"";"";"";"";"";"";"";"";"";"";"";"";"";"";"";"";"";"";"";"";"";"";"";"";"";""
"001c648a-44c7-4166-9eac-74249015f2a6";"https://app.kartado.com.br/#/SharedLink/Reporting/001c648a-44c7-4166-9eac-74249015f2a6/show?company=b9e4cd95-cb76-4dae-88e2-fd76c9a08110";"ERM-MONI-2025.64851";"BR-116/RJ";"129.892";"129.892";"-22.66214484";"-43.11648811";"Monitoração de Sinalização Vertical";"";"0.5";"0.6";"Não se aplica";"";"";"";"Norte";"Monitoração";"Executado";"Compartilhado com ANTT";"Luiza Franco Suporte";"";"Ecovias Rio Minas";"Ecovias Rio Minas";"";"2025-09-17T16:59";"2022-09-17T16:59";"2025-11-05T23:37";"2022-09-17T16:59";"";"";"0";"";"f3c4c0d1-08da-43aa-b561-915dc82f9026";"X";"Monitoração 0 (Inicial)";"Amarela";"Aprovado";"";"";"";"";"";"";"";"";"";"";"";"";"";"";"";"";"";"";"";"";"";"";"";"";"";"";"";"";"";"";"";"";"";"";"";"";"";"";"";"";"";"";"";"";"";"";"";"";"";"";"";"";"";"";"";"";"";"";"";"";"";"";"0";"0";"0";"";"";"";"";"";"";"";"";"";"Bom";"Bom";"";"";"";"";"";"";"";"";"";"";"";"";"";"";"";"";"";"";"";"";"";"";"";"";"";"";"";"";"";"";"";"";"";"";"";"";"";"";"";"";"";"";"";"";"";"";"";"";"";"";"";"Aprovado";"";"";"";"";"";"";"";"";"";"";"";"";"";"";"599.8";"SV 116 RJ 129+892 N 1";"";"";"";"";"";"";"";"";"";"";"";"";"";"";"";"";"";"";"";"";"";"";"";"";"";"";"";"";"";"";"";"";"";"";"";"";"";"";"";"";"";"";"Aço";"";"";"0.15";"0";"";"";"";"";"";"";"";"";"";"";"";"";"";""
"001d24bf-454b-4e96-be76-dc2186439600";"https://app.kartado.com.br/#/SharedLink/Reporting/001d24bf-454b-4e96-be76-dc2186439600/show?company=b9e4cd95-cb76-4dae-88e2-fd76c9a08110";"ERM-MONI-2025.03156";"BR-116/RJ";"131.57";"131.574";"-22.65663657";"-43.12849795";"Monitoração de EPS - Defensas Metálicas";"4";"";"0.75";"Dispositivo";"";"";"";"Sul";"Monitoração";"Executado";"Compartilhado com ANTT";"Luan Poletti";"";"Ecovias Rio Minas";"Ecovias Rio Minas";"";"2025-09-06T18:03";"2024-09-06T18:03";"2025-11-05T23:37";"2024-09-06T18:03";"DEFENSA METÁLICA - BR-116-RJ";"";"0";"";"ca3b61cb-df90-438f-8dc6-29209a520808";"";"";"";"";"";"";"";"";"";"";"";"";"";"";"";"";"";"";"";"";"";"";"";"";"";"";"";"";"";"";"";"";"";"";"";"";"";"";"";"";"";"";"";"";"";"";"";"";"";"";"";"";"";"";"";"";"";"";"false";"";"";"";"";"";"false";"true";"";"";"";"";"";"";"";"";"";"";"";"";"";"";"";"";"";"";"";"";"";"";"";"";"";"";"";"";"";"";"";"";"";"";"";"";"";"";"";"";"";"";"";"";"";"";"";"";"";"";"";"";"";"";"";"";"";"";"";"1";"Atendido";"";"";"";"";"";"";"";"";"";"";"";"";"";"";"";"";"";"";"";"";"DM 116 RJ 131+570 S 1";"";"";"";"";"";"";"";"";"";"";"";"";"";"";"";"";"";"";"";"";"";"";"";"";"";"";"";"";"";"";"";"";"";"";"";"";"";"";"";"";"";"";"";"";"";"";"";"";"";"";"";"";"";"";"";"";"";"";"";"";""
"001d8779-fab6-4d01-804c-395201bc1928";"https://app.kartado.com.br/#/SharedLink/Reporting/001d8779-fab6-4d01-804c-395201bc1928/show?company=b9e4cd95-cb76-4dae-88e2-fd76c9a08110";"ERM-MONI-2025.75173";"BR-116/RJ";"102.42";"102.42";"-22.49831949815709";"-42.99995220174534";"Monitoração de Sinalização Vertical";"";"13";"2";"Não se aplica";"";"";"";"Sul";"Monitoração";"Executado";"Compartilhado com ANTT";"Lucas Pereira Luiz";"";"Ecovias Rio Minas";"Ecovias Rio Minas";"";"2025-09-17T18:09";"2023-09-17T18:09";"2025-11-05T23:37";"2023-09-17T18:09";"Arquivo: SA - BR-116-RJ - SUL | Descrição: APOIO OPERACIONAL";"";"0";"";"39b805ef-4409-4829-b404-99935cc5220b";"III";"Monitoração 1";"Verde";"Aprovado";"";"";"";"";"";"";"";"";"";"";"";"";"";"";"";"";"";"";"";"";"";"";"";"";"";"";"";"";"";"";"";"";"";"";"";"";"";"";"";"";"";"";"";"";"";"";"";"";"";"";"";"";"";"";"";"";"";"";"";"";"";"";"666.2";"0";"0";"Aprovado";"";"";"";"";"";"";"";"26";"Bom";"Bom";"";"";"";"";"";"";"";"";"";"";"";"";"";"";"";"";"";"";"";"";"";"";"";"";"";"";"";"";"";"";"";"";"";"";"";"";"";"";"";"";"";"";"";"";"";"";"";"";"";"";"";"Aprovado";"";"";"";"";"";"";"";"";"";"";"";"";"";"";"196";"SA 116 RJ 102+420 S 1";"";"";"";"";"";"";"";"";"";"";"";"";"";"";"";"";"";"";"";"";"";"";"";"";"";"";"";"";"";"";"";"";"";"";"";"";"";"";"";"";"";"Apoio Operacional";"ACM";"";"";"";"";"Metálico";"";"";"";"";"";"";"";"";"";"";"";"";""
"001d9a51-5acd-4133-9e44-9ca6e928143e";"https://app.kartado.com.br/#/SharedLink/Reporting/001d9a51-5acd-4133-9e44-9ca6e928143e/show?company=b9e4cd95-cb76-4dae-88e2-fd76c9a08110";"ERM-MONI-2025.106576";"BR-116/MG";"509.08";"509.08599999999996";"-19.64021557";"-42.10656119";"Monitoração de Sinalização Horizontal - Marcas Viárias";"6";"0.4";"";"Não se aplica";"";"";"";"Sul";"Monitoração";"Executado";"Compartilhado com ANTT";"Lucas Pereira Luiz";"";"Ecovias Rio Minas";"Ecovias Rio Minas";"";"2025-09-18T14:53";"2025-09-18T14:53";"2025-11-05T23:37";"2023-09-18T14:53";"Sinalização: LRE";"";"0";"";"49fb9c58-9c4c-49ec-905d-3501a73c608f";"";"Monitoração 1";"";"";"";"";"";"";"";"";"";"";"";"";"";"";"";"";"";"";"";"";"";"";"";"";"";"";"";"";"";"";"";"";"";"";"";"";"";"";"";"";"";"";"";"";"";"";"";"";"";"";"";"";"Aprovado";"";"";"";"";"";"";"";"";"";"";"";"";"";"";"";"";"";"520.666666666667";"";"";"";"";"2.4";"";"";"";"";"";"";"";"";"";"";"";"";"";"";"";"";"";"";"";"";"";"";"";"";"";"";"";"";"";"";"";"";"";"";"";"";"";"";"";"";"";"";"";"";"";"";"";"";"";"";"";"";"";"";"";"";"";"";"";"";"";"";"";"";"";"";"";"";"";"SH 116 MG 509+080 S 1";"";"";"";"";"";"";"";"";"";"";"";"";"";"";"";"";"";"";"";"";"";"";"";"";"";"";"";"";"";"";"";"";"";"";"";"";"";"";"";"";"";"";"";"";"";"";"";"";"";"";"1";"";"";"";"";"";"";"";"";"";""
"001e54b3-8c89-414c-a12e-0e0d6c49aac5";"https://app.kartado.com.br/#/SharedLink/Reporting/001e54b3-8c89-414c-a12e-0e0d6c49aac5/show?company=b9e4cd95-cb76-4dae-88e2-fd76c9a08110";"ERM-MONI-2025.75457";"BR-116/MG";"414.83";"414.83";"-18.887968981748703";"-41.945935449087465";"Monitoração de Sinalização Vertical";"";"2";"2.4";"Não se aplica";"";"";"";"Norte";"Monitoração";"Executado";"Compartilhado com ANTT";"Lucas Pereira Luiz";"";"Ecovias Rio Minas";"Ecovias Rio Minas";"";"2025-09-17T18:09";"2023-09-17T18:09";"2025-11-05T23:37";"2023-09-17T18:09";"Arquivo: SV - BR-116-MG - NORTE | Descrição: A-32b Composta";"";"0";"";"1d60d225-214c-4672-b623-d0cdd2bd197a";"III";"Monitoração 1";"Amarela";"Aprovado";"";"";"";"";"";"";"";"";"";"";"";"";"";"";"";"";"";"";"";"";"";"";"";"";"";"";"";"";"";"";"";"";"";"";"";"";"";"";"";"";"";"";"";"";"";"";"";"";"";"";"";"";"";"";"";"";"";"";"";"";"";"";"0";"0";"0";"";"";"";"";"";"";"";"";"4.8";"Bom";"Bom";"";"";"";"";"";"";"";"";"";"";"";"";"";"";"";"";"";"";"";"";"";"";"";"";"";"";"";"";"";"";"";"";"";"";"";"";"";"";"";"";"";"";"";"";"";"";"";"";"";"";"";"Aprovado";"";"";"";"";"";"";"";"";"";"";"";"";"";"";"572.8";"SV 116 MG 414+830 N 1";"";"";"";"";"";"";"";"";"";"";"";"";"";"";"";"";"";"";"";"";"";"";"";"";"";"";"";"";"";"";"";"";"";"";"";"";"";"";"";"";"";"Advertência";"Fibra de Vidro";"";"";"";"";"Metálico";"";"";"";"";"";"";"";"";"";"";"";"";""
"001f6cf6-939f-43e9-97aa-b0259ccd21b4";"https://app.kartado.com.br/#/SharedLink/Reporting/001f6cf6-939f-43e9-97aa-b0259ccd21b4/show?company=b9e4cd95-cb76-4dae-88e2-fd76c9a08110";"ERM-MONI-2025.39842";"BR-493/RJ";"48.25";"48.325";"-22.6714846";"-43.28720155";"Monitoração de EPS - Defensas Metálicas";"75";"";"0.8";"Não se aplica";"";"";"";"Sul";"Monitoração";"Executado";"Compartilhado com ANTT";"Lucas Pereira Luiz";"";"Ecovias Rio Minas";"Ecovias Rio Minas";"";"2025-09-16T17:24";"2023-09-16T17:24";"2025-11-05T23:37";"2023-09-16T17:24";"";"";"0";"";"43efdc12-b368-4556-a800-ead5be9e419b";"";"";"";"";"";"";"";"";"";"";"";"";"";"";"";"";"";"";"";"";"";"";"";"";"";"";"";"";"";"";"";"";"";"";"";"";"";"";"";"";"";"";"";"";"";"";"";"";"";"";"";"";"";"";"";"";"";"";"";"";"";"";"false";"false";"";"false";"";"";"";"";"";"";"";"";"";"";"";"";"";"";"";"";"";"";"";"";"";"";"";"";"";"";"";"";"";"";"";"";"";"";"";"";"";"";"";"";"";"";"";"";"";"";"";"";"";"";"";"";"";"";"";"";"";"";"";"";"";"";"";"";"";"";"";"";"";"";"";"";"";"";"";"";"";"";"";"";"";"DM 493 RJ 048+250 S 1";"";"";"";"";"";"";"";"";"";"";"";"";"";"";"";"";"";"";"";"";"";"";"";"";"";"";"";"";"";"";"";"";"";"";"";"";"";"";"";"";"";"";"";"";"";"";"";"";"";"";"";"";"";"";"";"";"";"";"";"";""
"001f88eb-3135-43f6-ad35-76da61225876";"https://app.kartado.com.br/#/SharedLink/Reporting/001f88eb-3135-43f6-ad35-76da61225876/show?company=b9e4cd95-cb76-4dae-88e2-fd76c9a08110";"ERM-MONI-2025.131527";"BR-116/MG";"676";"676";"-20.91509488";"-42.34616856";"Monitoração de Pavimento Flexível";"";"";"";"Não se aplica";"";"";"";"Crescente";"Monitoração";"Executado";"Compartilhado com ANTT";"Vidal Valério";"";"Ecovias Rio Minas";"Ecovias Rio Minas";"";"2025-09-18T18:34";"2023-09-18T18:34";"2025-11-05T23:38";"2023-09-18T18:34";"Relatório Dc: RT_ECRM_IGG_BR-116 MG | Relatório IRI: RT_ECRM_IRI_BR-116 MG | Relatório trincamento: RT_ECRM_Condições de Superfície_BR-116 MG | Relatório ATR: RT_ECRM_Condições de Superfície_BR-116 MG | Relatório IGG: RT_ECRM_IGG_BR-116 MG | Relatório VRD:  | Relatório HS: ";"";"0";"";"07125f67-9f9c-4135-b823-cc544349a8e7";"";"Monitoração 1";"";"";"";"";"";"";"";"";"";"";"";"";"";"";"";"";"";"";"";"";"";"";"";"";"";"";"";"";"";"";"";"";"";"";"";"";"";"";"";"";"";"";"";"";"";"";"";"";"";"";"";"";"";"";"";"";"";"";"";"";"";"";"";"";"";"";"";"";"";"";"";"";"";"";"";"";"";"";"";"";"";"";"";"";"";"";"";"";"";"";"";"";"";"";"";"";"";"";"";"";"";"";"";"";"";"";"";"";"";"";"";"";"";"";"";"";"";"";"";"";"";"";"";"";"";"";"";"";"";"";"";"";"";"";"";"";"";"";"";"";"";"";"";"";"";"BR-116/MG676CF1";"";"";"";"";"";"";"";"";"";"";"";"";"";"";"";"";"";"";"";"";"";"";"";"";"";"";"";"";"";"";"";"";"";"";"";"";"";"";"";"";"";"";"";"";"";"";"";"";"";"";"";"";"";"";"";"";"";"";"";"";""
"001f9872-9f51-4819-9496-d79a777ee741";"https://app.kartado.com.br/#/SharedLink/Reporting/001f9872-9f51-4819-9496-d79a777ee741/show?company=b9e4cd95-cb76-4dae-88e2-fd76c9a08110";"ERM-MONI-2025.27447";"BR-116/MG";"780.87";"780.815";"-21.6223596";"-42.6956141";"Monitoração de Drenagem Superficial";"25";"0.15";"0.15";"Não se aplica";"";"";"";"Sul";"Monitoração";"Executado";"Compartilhado com ANTT";"Luan Poletti";"";"Ecovias Rio Minas";"Ecovias Rio Minas";"";"2025-09-15T10:13";"2024-09-15T10:13";"2025-11-05T23:38";"2024-09-15T10:13";"";"";"0";"";"76f5e660-04e8-41ce-847c-fcd3586dee4b";"";"Monitoração 2";"";"";"";"";"";"";"";"";"";"";"";"";"";"";"";"";"";"";"";"";"";"";"";"";"";"";"";"";"";"";"";"";"";"";"";"";"";"";"";"";"";"";"";"";"";"";"";"";"";"";"";"";"";"";"";"";"";"";"";"";"";"";"";"";"";"";"";"";"";"";"";"";"";"";"";"";"";"";"";"";"";"";"";"";"";"";"";"";"";"";"";"";"";"";"";"";"";"";"";"";"";"true";"";"";"";"";"";"";"";"";"";"";"";"";"";"";"";"";"";"";"";"";"";"";"";"";"";"";"";"";"";"";"";"";"";"";"";"";"";"";"";"";"";"";"";"VA 116 MG 780+870 S 1";"";"";"";"";"";"";"";"";"";"";"";"";"";"";"";"";"";"";"";"";"";"";"";"";"";"";"";"";"";"";"";"";"";"Valeta";"";"";"";"";"";"";"";"";"";"";"";"";"";"";"";"";"";"";"";"";"";"";"";"";"";"";""
"0020834f-0093-40b0-a4ec-702a2e6c1c0b";"https://app.kartado.com.br/#/SharedLink/Reporting/0020834f-0093-40b0-a4ec-702a2e6c1c0b/show?company=b9e4cd95-cb76-4dae-88e2-fd76c9a08110";"ERM-MONI-2025.101918";"BR-116/MG";"415.434";"415.399";"-18.893354979164464";"-41.94736797759046";"Monitoração de Drenagem Superficial";"35";"0.2";"0.5";"Não se aplica";"";"";"";"Sul";"Monitoração";"Executado";"Compartilhado com ANTT";"Vidal Valério";"";"Ecovias Rio Minas";"Ecovias Rio Minas";"";"2025-09-18T10:16";"2023-09-18T10:16";"2025-11-05T23:38";"2023-09-18T10:16";"";"";"0";"";"5beb0c3c-d8ff-4d3f-b00c-2e9db8aa2dd9";"";"Monitoração 1";"";"";"";"";"";"";"";"";"";"";"";"";"";"";"";"";"";"";"";"";"";"";"";"";"";"";"";"";"";"";"";"";"";"";"";"";"";"";"";"";"";"";"";"";"";"";"";"";"";"";"";"";"";"";"";"";"";"";"";"";"";"";"";"";"";"";"";"";"";"";"";"";"";"";"";"";"";"";"";"";"";"";"";"";"";"";"";"";"";"";"";"";"";"";"";"";"";"";"";"";"";"false";"";"";"";"";"";"";"";"";"";"";"";"";"";"";"";"";"";"";"";"";"";"";"";"";"";"";"";"";"";"";"";"";"";"";"";"";"";"";"";"";"";"";"";"MF BR 116 MG 415+434 S";"";"";"";"";"";"";"";"";"";"";"";"";"";"";"";"";"";"";"";"";"";"";"";"";"";"";"";"";"";"";"";"";"";"Meio-fio";"";"";"";"";"";"";"";"";"";"";"";"";"";"";"";"";"";"";"";"";"";"";"";"";"";"";""
"002083bd-3c30-416b-99c3-b352a50f7117";"https://app.kartado.com.br/#/SharedLink/Reporting/002083bd-3c30-416b-99c3-b352a50f7117/show?company=b9e4cd95-cb76-4dae-88e2-fd76c9a08110";"ERM-MONI-2026.02449";"BR-116/MG";"622.08";"622.08";"-20.52348030499996";"-42.19989250299994";"Monitoração de Faixa de Domínio - Acessos";"";"";"";"Não se aplica";"";"";"";"Sul";"Monitoração";"Executado";"Criado";"Arthur Barros";"";"Ecovias Rio Minas";"Ecovias Rio Minas";"";"2026-07-02T20:28";"2026-07-02T20:24";"2026-07-02T20:29";"2022-11-01T00:00";"";"";"0";"";"d72dd300-ddee-423a-ac51-7266edf43928";"";"Monitoração 0 (Inicial)";"";"";"";"";"";"";"";"";"";"";"";"";"";"";"";"";"";"";"";"";"";"";"";"";"";"";"";"";"";"";"";"";"";"";"";"";"";"";"";"";"";"";"";"";"";"";"";"";"";"";"";"";"";"";"";"";"";"";"";"";"";"";"";"";"";"";"";"";"";"";"";"";"";"";"";"";"";"";"Periódica";"";"";"";"";"";"";"";"";"Irregulares/não autorizados, necessitando de analise do projeto perante normas técnicas vigentes (DNIT, ABNT e ANTT)";"";"";"";"";"";"";"";"";"";"";"";"";"";"";"";"";"";"";"";"";"";"";"";"";"";"";"";"";"";"";"";"";"";"";"";"";"";"";"";"";"";"";"";"";"";"";"";"";"";"";"";"";"";"";"";"";"";"AC 116 MG 624+269 S 1";"";"";"";"";"";"";"";"";"";"";"";"";"";"";"";"";"Público";"Não Pavimentado";"";"";"";"";"";"";"";"";"";"";"";"";"";"";"";"";"";"";"";"";"";"";"";"";"";"";"";"";"";"";"";"";"";"";"";"";"";"";"";"PREFEITURA MUNICIPAL DE ORIZÂNIA";"";"";""
"0020c3cd-205c-4816-9fda-8e30b251e150";"https://app.kartado.com.br/#/SharedLink/Reporting/0020c3cd-205c-4816-9fda-8e30b251e150/show?company=b9e4cd95-cb76-4dae-88e2-fd76c9a08110";"ERM-MONI-2025.11593";"BR-116/MG";"616.6";"616.6";"-20.47814669";"-42.18110478";"Monitoração de Sinalização Vertical";"";"";"";"Não se aplica";"";"";"";"Norte";"Monitoração";"Executado";"Compartilhado com ANTT";"Luan Poletti";"";"Ecovias Rio Minas";"Ecovias Rio Minas";"";"2025-09-13T20:42";"2024-09-13T20:42";"2025-11-05T23:38";"2024-09-13T20:42";"";"";"0";"";"08f2c9ba-b75c-4cd8-9e51-79e5844788fc";"12";"Monitoração 2";"Vermelha";"Aprovado";"";"";"";"";"";"";"";"";"";"";"";"";"";"";"";"";"";"";"";"";"";"";"";"";"";"";"";"";"";"";"";"";"";"";"";"";"";"";"";"";"";"";"";"";"";"";"";"";"";"";"";"";"";"";"";"";"";"";"";"";"";"";"920.4";"0";"0";"Aprovado";"";"";"";"";"";"";"";"";"Bom";"Bom";"";"";"";"";"";"";"";"";"";"";"";"";"";"";"";"";"";"";"";"";"";"";"";"";"";"";"";"";"";"";"";"";"";"";"";"";"";"";"";"";"";"";"";"";"";"";"";"";"";"";"";"Aprovado";"";"";"";"";"";"";"";"";"";"";"";"";"";"";"61.32";"SV 116 MG 616+600 N 1";"";"";"";"";"";"";"";"";"";"";"";"";"";"";"";"";"";"";"";"";"";"";"";"";"";"";"";"";"";"";"";"";"";"";"";"";"";"";"";"";"";"Regulamentação";"Aço";"1";"";"";"";"";"";"";"";"";"";"";"";"";"";"";"";"";""
"0020e9a5-a992-496c-a2c5-8c1c7e279d45";"https://app.kartado.com.br/#/SharedLink/Reporting/0020e9a5-a992-496c-a2c5-8c1c7e279d45/show?company=b9e4cd95-cb76-4dae-88e2-fd76c9a08110";"ERM-MONI-2025.12357";"BR-116/MG";"772.81";"772.81";"-21.57418277";"-42.67829906";"Monitoração de Sinalização Vertical";"";"1.5";"2";"Não se aplica";"";"";"";"Norte";"Monitoração";"Executado";"Compartilhado com ANTT";"Luan Poletti";"";"Ecovias Rio Minas";"Ecovias Rio Minas";"";"2025-09-13T20:50";"2024-09-13T20:50";"2025-11-05T23:38";"2024-09-13T20:50";"";"";"0";"";"ac167110-b069-4ca4-889c-4443ed7c1702";"III";"Monitoração 2";"Amarela";"Aprovado";"";"";"";"";"";"";"";"";"";"";"";"";"";"";"";"";"";"";"";"";"";"";"";"";"";"";"";"";"";"";"";"";"";"";"";"";"";"";"";"";"";"";"";"";"";"";"";"";"";"";"";"";"";"";"";"";"";"";"";"";"";"";"0";"0";"0";"";"";"";"";"";"";"";"";"";"Bom";"Bom";"";"";"";"";"";"";"";"";"";"";"";"";"";"";"";"";"";"";"";"";"";"";"";"";"";"";"";"";"";"";"";"";"";"";"";"";"";"";"";"";"";"";"";"";"";"";"";"";"";"";"";"Aprovado";"";"";"";"";"";"";"";"";"";"";"";"";"";"";"539.6";"SV 116 MG 772+810 N 1";"";"";"";"";"";"";"";"";"";"";"";"";"";"";"";"";"";"";"";"";"";"";"";"";"";"";"";"";"";"";"";"";"";"";"";"";"";"";"";"";"";"Advertência";"ACM";"";"";"";"";"";"";"";"";"";"";"";"";"";"";"";"";"";""
"0021346b-8d16-43a2-9c23-2b8c2aaea960";"https://app.kartado.com.br/#/SharedLink/Reporting/0021346b-8d16-43a2-9c23-2b8c2aaea960/show?company=b9e4cd95-cb76-4dae-88e2-fd76c9a08110";"ERM-MONI-2026.16825";"BR-116/MG";"448.83";"448.83";"-19.14412139799998";"-42.02076903099993";"Monitoração de Faixa de Domínio - Acessos";"";"";"";"Não se aplica";"";"";"";"Sul";"Monitoração";"Executado";"Criado";"Arthur Barros";"";"Ecovias Rio Minas";"Ecovias Rio Minas";"";"2026-07-02T20:28";"2026-07-02T20:23";"2026-07-02T20:36";"2022-11-01T00:00";"AUSENTE;PORTEIRA/PORTÃO FECHADO";"";"0";"";"90986188-171c-4a56-ac2e-498d48a4a654";"";"Monitoração 0 (Inicial)";"";"";"";"";"";"";"";"";"";"";"";"";"";"";"";"";"";"";"";"";"";"";"";"";"";"";"";"";"";"";"";"";"";"";"";"";"";"";"";"";"";"";"";"";"";"";"";"";"";"";"";"";"";"";"";"";"";"";"";"";"";"";"";"";"";"";"";"";"";"";"";"";"";"";"";"";"";"";"Periódica";"";"";"";"";"";"";"";"";"Irregulares/não autorizados, necessitando de analise do projeto perante normas técnicas vigentes (DNIT, ABNT e ANTT)";"";"";"";"";"";"";"";"";"";"";"";"";"";"";"";"";"";"";"";"";"";"";"";"";"";"";"";"";"";"";"";"";"";"";"";"";"";"";"";"";"";"";"";"";"";"";"";"";"";"";"";"";"";"";"";"";"";"AC 116 MG 448+831 S 1";"";"";"";"";"";"";"";"";"";"";"";"";"";"";"";"";"Residencial";"Não Pavimentado";"";"";"";"";"";"";"";"";"";"";"";"";"";"";"";"";"";"";"";"";"";"";"";"";"";"";"";"";"";"";"";"";"";"";"";"";"";"";"";"NÃO IDENTIFICADO";"";"";""
"0021ccca-7a70-4a19-8f27-45d558a3d29e";"https://app.kartado.com.br/#/SharedLink/Reporting/0021ccca-7a70-4a19-8f27-45d558a3d29e/show?company=b9e4cd95-cb76-4dae-88e2-fd76c9a08110";"ERM-MONI-2025.77120";"BR-116/MG";"613.49";"613.49";"-20.451801907195854";"-42.17058960738438";"Monitoração de Sinalização Vertical";"";"2";"1.5";"Não se aplica";"";"";"";"Norte";"Monitoração";"Executado";"Compartilhado com ANTT";"Lucas Pereira Luiz";"";"Ecovias Rio Minas";"Ecovias Rio Minas";"";"2025-09-17T18:10";"2023-09-17T18:10";"2025-11-05T23:38";"2023-09-17T18:10";"Arquivo: SV - BR-116-MG - NORTE | Descrição: ADVERTÊNCIA";"";"0";"";"c21ca291-b73a-4356-bcd3-0e4766f3e140";"III";"Monitoração 1";"Amarela";"Aprovado";"";"";"";"";"";"";"";"";"";"";"";"";"";"";"";"";"";"";"";"";"";"";"";"";"";"";"";"";"";"";"";"";"";"";"";"";"";"";"";"";"";"";"";"";"";"";"";"";"";"";"";"";"";"";"";"";"";"";"";"";"";"";"0";"0";"0";"";"";"";"";"";"";"";"";"3";"Bom";"Bom";"";"";"";"";"";"";"";"";"";"";"";"";"";"";"";"";"";"";"";"";"";"";"";"";"";"";"";"";"";"";"";"";"";"";"";"";"";"";"";"";"";"";"";"";"";"";"";"";"";"";"";"Aprovado";"";"";"";"";"";"";"";"";"";"";"";"";"";"";"496.6";"SV 116 MG 613+490 N 1";"";"";"";"";"";"";"";"";"";"";"";"";"";"";"";"";"";"";"";"";"";"";"";"";"";"";"";"";"";"";"";"";"";"";"";"";"";"";"";"";"";"Advertência";"Aço";"";"";"";"";"Madeira";"";"";"";"";"";"";"";"";"";"";"";"";""
"002235ab-6cde-4fd7-a894-d3ad5828ab7b";"https://app.kartado.com.br/#/SharedLink/Reporting/002235ab-6cde-4fd7-a894-d3ad5828ab7b/show?company=b9e4cd95-cb76-4dae-88e2-fd76c9a08110";"ERM-MONI-2026.02574";"BR-116/MG";"732.855";"732.855";"-21.33939273";"-42.45967643";"Monitoração de Faixa de Domínio - Acessos";"";"";"";"Não se aplica";"";"";"";"Norte";"Monitoração";"Executado";"Criado";"Arthur Barros";"";"Ecovias Rio Minas";"Ecovias Rio Minas";"";"2026-07-02T20:28";"2026-07-02T20:24";"2026-07-02T20:29";"2025-08-25T00:00";"";"";"0";"";"535dc61a-15fe-476f-8f02-7da04cfe7efb";"";"Monitoração 3";"";"";"";"";"";"";"";"";"";"";"";"";"";"";"";"";"";"";"";"";"";"";"";"";"";"";"";"";"";"";"";"";"";"";"";"";"";"";"";"";"";"";"";"";"";"";"";"";"";"";"";"";"";"";"";"";"";"";"";"";"";"";"";"";"";"";"";"";"";"";"";"";"";"";"";"";"";"";"Periódica";"";"";"";"";"";"";"";"";"Irregulares/não autorizados, necessitando de analise do projeto perante normas técnicas vigentes (DNIT, ABNT e ANTT)";"";"";"";"";"";"";"";"";"";"";"";"";"";"";"";"";"";"";"";"";"";"";"";"";"";"";"";"";"";"";"";"";"";"";"";"";"";"";"";"";"";"";"";"";"";"";"";"";"";"";"";"";"";"";"";"";"";"AC 116 MG 732+855 N 1";"";"";"";"";"";"";"";"";"";"";"";"";"";"";"";"";"Residencial";"Não Pavimentado";"";"";"";"";"";"";"";"";"";"";"";"";"";"";"";"";"";"";"";"";"";"";"";"";"";"";"";"";"";"";"";"";"";"";"";"";"";"";"";"Juci Oliveira Mende";"";"";""
"002246ab-87cc-41f6-91dd-6064eed2a1d4";"https://app.kartado.com.br/#/SharedLink/Reporting/002246ab-87cc-41f6-91dd-6064eed2a1d4/show?company=b9e4cd95-cb76-4dae-88e2-fd76c9a08110";"ERM-MONI-2025.106885";"BR-116/MG";"755.19";"755.1500000000001";"-21.49068605";"-42.58177074";"Monitoração de Sinalização Horizontal - Zebrados";"40";"";"";"Não se aplica";"";"";"";"Norte";"Monitoração";"Executado";"Compartilhado com ANTT";"Lucas Pereira Luiz";"";"Ecovias Rio Minas";"Ecovias Rio Minas";"";"2025-09-18T15:44";"2025-09-18T15:44";"2025-11-05T23:38";"2023-09-18T15:44";"Sinalização: ZPA e LCA";"";"0";"";"c55c1ea9-0b48-46ec-b736-1048a215e4a4";"";"Monitoração 1";"";"";"";"";"";"";"";"";"";"";"";"";"";"";"";"";"";"";"";"";"";"";"";"";"";"";"";"";"";"";"";"";"";"";"";"";"";"";"";"";"";"";"";"";"";"433.1";"620";"REPROVADO";"REPROVADO";"Aprovado";"";"";"";"3";"";"";"";"";"";"";"";"";"";"";"";"";"";"";"";"";"";"";"";"";"";"";"";"";"";"";"";"";"";"";"";"";"";"";"";"";"";"";"";"";"";"";"";"";"";"";"";"";"";"";"";"";"";"";"";"";"";"";"";"";"";"";"";"";"";"";"";"";"";"";"";"";"";"";"";"";"";"";"";"";"";"";"";"";"";"";"";"";"";"";"";"SH 116 MG 755+190 N 1";"";"";"";"";"";"";"";"";"";"";"";"";"";"";"";"";"";"";"";"";"";"";"";"";"";"";"";"";"";"";"";"";"";"";"";"";"";"";"";"";"";"";"";"";"";"";"";"";"";"";"";"";"";"";"";"";"";"";"";"";""
"00229df6-6042-4ad5-a5af-939c45c60716";"https://app.kartado.com.br/#/SharedLink/Reporting/00229df6-6042-4ad5-a5af-939c45c60716/show?company=b9e4cd95-cb76-4dae-88e2-fd76c9a08110";"ERM-MONI-2025.30524";"BR-116/RJ-(DUTRA)";"189.046";"188.895";"-22.7378416";"-43.4916739";"Monitoração de Drenagem Superficial";"151";"0.3";"0.8";"Não se aplica";"";"";"";"Norte";"Monitoração";"Executado";"Compartilhado com ANTT";"Luan Poletti";"";"Ecovias Rio Minas";"Ecovias Rio Minas";"";"2025-09-15T11:23";"2024-09-15T11:23";"2025-11-05T23:38";"2024-09-15T11:23";"";"";"0";"";"6b2d6377-cfe1-41fb-af62-ae55945ada20";"";"Monitoração 2";"";"";"";"";"";"";"";"";"";"";"";"";"";"";"";"";"";"";"";"";"";"";"";"";"";"";"";"";"";"";"";"";"";"";"";"";"";"";"";"";"";"";"";"";"";"";"";"";"";"";"";"";"";"";"";"";"";"";"";"";"";"";"";"";"";"";"";"";"";"";"";"";"";"";"";"";"";"";"";"";"";"";"";"";"";"";"";"";"";"";"";"";"";"";"";"";"";"";"";"";"";"";"";"";"";"";"";"";"";"";"";"";"";"";"";"";"";"";"";"";"";"";"";"";"";"";"";"";"";"";"";"";"";"";"";"";"";"";"";"";"";"";"";"";"";"SJ 116 RJ 189+046 N 1";"";"";"";"";"";"";"";"";"";"";"";"";"";"";"";"";"";"";"";"";"";"";"";"";"";"";"";"";"";"";"";"";"";"Sarjeta";"";"";"";"";"";"";"";"";"";"";"";"";"";"";"";"";"";"";"";"";"";"";"";"";"";"";""
"0023b32a-18c1-4d55-a868-a296a8a07d32";"https://app.kartado.com.br/#/SharedLink/Reporting/0023b32a-18c1-4d55-a868-a296a8a07d32/show?company=b9e4cd95-cb76-4dae-88e2-fd76c9a08110";"ERM-MONI-2026.10406";"BR-116/MG";"707.07";"707.07";"-21.15932228";"-42.38276832";"Monitoração de Faixa de Domínio - Acessos";"";"";"";"Não se aplica";"";"";"";"Sul";"Monitoração";"Executado";"Criado";"Arthur Barros";"";"Ecovias Rio Minas";"Ecovias Rio Minas";"";"2026-07-02T20:28";"2026-07-02T20:24";"2026-07-02T20:33";"2024-07-01T00:00";"";"";"0";"";"d804689f-dad2-4f81-82e3-7eb20457c0e2";"";"Monitoração 2";"";"";"";"";"";"";"";"";"";"";"";"";"";"";"";"";"";"";"";"";"";"";"";"";"";"";"";"";"";"";"";"";"";"";"";"";"";"";"";"";"";"";"";"";"";"";"";"";"";"";"";"";"";"";"";"";"";"";"";"";"";"";"";"";"";"";"";"";"";"";"";"";"";"";"";"";"";"";"Periódica";"";"";"";"";"";"";"";"";"Irregulares/não autorizados, necessitando de analise do projeto perante normas técnicas vigentes (DNIT, ABNT e ANTT)";"";"";"";"";"";"";"";"";"";"";"";"";"";"";"";"";"";"";"";"";"";"";"";"";"";"";"";"";"";"";"";"";"";"";"";"";"";"";"";"";"";"";"";"";"";"";"";"";"";"";"";"";"";"";"";"";"";"AC 116 MG 707+065 S 1";"";"";"";"";"";"";"";"";"";"";"";"";"";"";"";"";"Público";"Pavimentado";"";"";"";"";"";"";"";"";"";"";"";"";"";"";"";"";"";"";"";"";"";"";"";"";"";"";"";"";"";"";"";"";"";"";"";"";"";"";"";"Prefeitura Municipal De Muriaé";"";"";""
"00253248-e52d-422b-aa49-192c45f58d17";"https://app.kartado.com.br/#/SharedLink/Reporting/00253248-e52d-422b-aa49-192c45f58d17/show?company=b9e4cd95-cb76-4dae-88e2-fd76c9a08110";"ERM-CCFD-2026.01343";"BR-116/RJ";"30";"29";"-22.071002";"-42.796105";"Aceiro";"";"";"";"Não se aplica";"";"";"";"Norte";"Canteiro Central e Faixa de Domínio";"Programado";"Criado";"Caio Moraes";"Caio Moraes";"G P Portilho - IDCT 15598";"G P Portilho";"Cronograma Aceiro BR-116 SD";"2026-07-27T12:13";"2026-07-27T12:12";"2026-07-27T12:13";"";"";"2026-10-31T00:00";"0";"";"";"";"";"";"";"";"";"";"";"";"";"";"";"";"";"";"";"";"";"";"";"";"";"";"";"";"";"";"";"";"";"";"";"";"";"";"";"";"";"";"";"";"";"";"";"";"";"";"";"";"";"";"";"";"";"";"";"";"";"";"";"";"";"";"";"";"";"";"";"";"";"";"";"";"";"";"";"";"0";"";"";"";"";"";"";"";"";"";"";"";"";"";"";"";"";"";"";"";"";"";"";"";"";"";"";"";"";"";"";"";"";"";"";"";"";"";"";"";"";"";"";"";"";"";"";"";"";"";"";"";"";"";"";"";"";"";"";"";"";"";"";"";"";"";"";"";"";"";"";"";"";"";"";"";"";"";"";"";"";"";"";"";"";"";"";"";"";"";"";"";"";"";"";"";"";"";"";"";"";"";"";"";"";"";"";"";"";"";"";"";"";"";"";"";"";"";"";"";"";"";"";"";"";"";"";"";"";"";"";""
"00259cb7-9d57-4875-99bd-1543332cff93";"https://app.kartado.com.br/#/SharedLink/Reporting/00259cb7-9d57-4875-99bd-1543332cff93/show?company=b9e4cd95-cb76-4dae-88e2-fd76c9a08110";"ERM-MONI-2025.43447";"BR-116/RJ";"57.125";"57.11";"-22.2095723";"-42.8994315";"Monitoração de Drenagem Profunda (OAC)";"15";"";"";"Não se aplica";"";"";"";"Norte";"Monitoração";"Executado";"Compartilhado com ANTT";"Luan Poletti";"";"Ecovias Rio Minas";"Ecovias Rio Minas";"";"2025-09-16T19:49";"2024-09-16T19:49";"2025-11-05T23:38";"2024-09-16T19:49";"Obs Montante:  | Obs Jusante: ";"";"0";"";"5fe08f03-a7a0-4c59-9c14-b181a0362fe7";"";"Monitoração 2";"";"";"";"";"";"";"";"";"";"";"";"";"";"";"";"";"";"";"";"";"";"";"";"";"";"";"";"";"";"";"";"";"";"";"";"";"";"";"";"";"";"";"";"";"";"";"";"";"";"";"";"";"";"";"";"";"";"";"";"";"";"";"";"";"";"";"";"";"";"";"";"";"";"";"";"";"";"";"";"";"";"";"";"";"";"";"";"";"";"";"";"";"";"";"";"";"";"";"";"";"";"";"Precário";"Regular";"";"";"";"";"";"";"";"";"";"";"";"";"";"";"";"";"";"";"";"";"";"";"";"";"";"";"";"";"";"";"";"";"";"";"";"";"";"";"";"";"";"BU 116 RJ 057+125 N 1";"";"";"";"";"";"";"";"";"";"";"";"";"";"";"";"";"";"";"";"";"";"";"";"";"";"";"";"";"";"";"";"";"";"";"";"1,40x1,20x0,80";"2";"1,40x1,20x0,80";"2";"";"";"";"";"";"";"";"";"";"";"";"";"";"";"";"";"";"";"";"";"";""
"00267f94-2d27-4872-a5e5-09dede85e4b3";"https://app.kartado.com.br/#/SharedLink/Reporting/00267f94-2d27-4872-a5e5-09dede85e4b3/show?company=b9e4cd95-cb76-4dae-88e2-fd76c9a08110";"ERM-MONI-2025.17816";"BR-116/RJ";"14.68";"14.68";"-21.96389913";"-42.7406502";"Monitoração de Sinalização Vertical";"";"1";"1";"Não se aplica";"";"";"";"Norte";"Monitoração";"Executado";"Compartilhado com ANTT";"Luan Poletti";"";"Ecovias Rio Minas";"Ecovias Rio Minas";"";"2025-09-13T21:12";"2024-09-13T21:12";"2025-11-05T23:38";"2024-09-13T21:12";"";"";"0";"";"8f5a90fd-9eaf-48db-aa61-75d8da6c522e";"12";"Monitoração 2";"Amarela";"Aprovado";"";"";"";"";"";"";"";"";"";"";"";"";"";"";"";"";"";"";"";"";"";"";"";"";"";"";"";"";"";"";"";"";"";"";"";"";"";"";"";"";"";"";"";"";"";"";"";"";"";"";"";"";"";"";"";"";"";"";"";"";"";"";"0";"0";"0";"";"";"";"";"";"";"";"";"";"Bom";"Bom";"";"";"";"";"";"";"";"";"";"";"";"";"";"";"";"";"";"";"";"";"";"";"";"";"";"";"";"";"";"";"";"";"";"";"";"";"";"";"";"";"";"";"";"";"";"";"";"";"";"";"";"Aprovado";"";"";"";"";"";"";"";"";"";"";"";"";"";"";"344.8";"SV 116 RJ 014+680 N 1";"";"";"";"";"";"";"";"";"";"";"";"";"";"";"";"";"";"";"";"";"";"";"";"";"";"";"";"";"";"";"";"";"";"";"";"";"";"";"";"";"";"Advertência";"Aço";"";"";"";"";"";"";"";"";"";"";"";"";"";"";"";"";"";""
"0026d622-9885-4785-b88c-f7781f4ece6b";"https://app.kartado.com.br/#/SharedLink/Reporting/0026d622-9885-4785-b88c-f7781f4ece6b/show?company=b9e4cd95-cb76-4dae-88e2-fd76c9a08110";"ERM-MONI-2025.103303";"BR-116/RJ";"41";"41";"-22.13725604";"-42.78382332";"Monitoração de Pavimento Flexível";"";"";"";"Não se aplica";"";"";"";"Decrescente";"Monitoração";"Executado";"Compartilhado com ANTT";"Luan Poletti";"";"Ecovias Rio Minas";"Ecovias Rio Minas";"";"2025-09-18T11:25";"2024-09-18T11:25";"2025-11-05T23:38";"2024-09-18T11:25";"Relatório HS: RT_ECRM_Aderência_BR-116 RJ | Relatório VRD: RT_ECRM_Aderência_BR-116 RJ | Relatório Degrau: RT_ECRM_Degrau_BR-116 RJ | Relatório Dc: RT_ECRM_FWD_BR-116 RJ | Relatório IRI: RT_ECRM_IRI_BR-116 RJ | Relatório trincamento: RT_ECRM_Condições de Superfície_BR-116 RJ | Relatório IGG: RT_ECRM_IGG_BR-116 RJ | Relatório ATR: RT_ECRM_IGG_BR-116 RJ";"";"0";"";"f75eea5a-e4e3-4b18-abdd-8b4342e87cd0";"";"Monitoração 2";"";"";"";"";"";"";"";"";"";"";"";"";"";"";"";"";"";"";"";"";"";"";"";"";"";"";"";"";"";"";"";"";"";"";"";"";"";"";"";"";"";"";"";"";"";"";"";"";"";"";"";"";"";"";"";"";"";"";"";"";"";"";"";"";"";"";"";"";"";"";"";"";"";"";"";"";"";"";"";"";"";"";"";"";"";"";"";"";"";"";"";"";"";"";"";"";"";"";"";"";"";"";"";"";"";"";"";"";"";"";"";"";"";"";"";"";"";"";"";"";"";"";"";"";"";"";"";"";"";"";"";"";"";"";"";"";"";"";"";"";"";"";"";"";"";"BR-116/RJ41DF1";"";"";"";"";"";"";"";"";"";"";"";"";"";"";"";"";"";"";"";"";"";"";"";"";"";"";"";"";"";"";"";"";"";"";"";"";"";"";"";"";"";"";"";"";"";"";"";"";"";"";"";"";"";"";"";"";"";"";"";"";""
"0026e215-83ef-4439-b9c9-aa756dc7923a";"https://app.kartado.com.br/#/SharedLink/Reporting/0026e215-83ef-4439-b9c9-aa756dc7923a/show?company=b9e4cd95-cb76-4dae-88e2-fd76c9a08110";"ERM-MONI-2026.01928";"BR-116/MG";"451.465";"451.465";"-19.16583696";"-42.02939967";"Monitoração de Faixa de Domínio - Acessos";"";"";"";"Não se aplica";"";"";"";"Sul";"Monitoração";"Executado";"Criado";"Arthur Barros";"";"Ecovias Rio Minas";"Ecovias Rio Minas";"";"2026-07-02T20:28";"2026-07-02T20:23";"2026-07-02T20:29";"2024-07-01T00:00";"";"";"0";"";"777a800b-7c2e-4d55-bf06-5c19ddac32d0";"";"Monitoração 2";"";"";"";"";"";"";"";"";"";"";"";"";"";"";"";"";"";"";"";"";"";"";"";"";"";"";"";"";"";"";"";"";"";"";"";"";"";"";"";"";"";"";"";"";"";"";"";"";"";"";"";"";"";"";"";"";"";"";"";"";"";"";"";"";"";"";"";"";"";"";"";"";"";"";"";"";"";"";"Periódica";"";"";"";"";"";"";"";"";"Irregulares/não autorizados, necessitando de analise do projeto perante normas técnicas vigentes (DNIT, ABNT e ANTT)";"";"";"";"";"";"";"";"";"";"";"";"";"";"";"";"";"";"";"";"";"";"";"";"";"";"";"";"";"";"";"";"";"";"";"";"";"";"";"";"";"";"";"";"";"";"";"";"";"";"";"";"";"";"";"";"";"";"AC 116 MG 451+463 S 1";"";"";"";"";"";"";"";"";"";"";"";"";"";"";"";"";"Público";"Não Pavimentado";"";"";"";"";"";"";"";"";"";"";"";"";"";"";"";"";"";"";"";"";"";"";"";"";"";"";"";"";"";"";"";"";"";"";"";"";"";"";"";"Prefeitura Municipal De Engenheiro Caldas";"";"";""
"00279904-8947-47f4-aef1-fab51b5f4cc7";"https://app.kartado.com.br/#/SharedLink/Reporting/00279904-8947-47f4-aef1-fab51b5f4cc7/show?company=b9e4cd95-cb76-4dae-88e2-fd76c9a08110";"ERM-MONI-2025.64399";"BR-116/RJ";"128.551";"128.551";"-22.66579858";"-43.10404714";"Monitoração de Sinalização Vertical";"";"0.5";"0.6";"Não se aplica";"";"";"";"Norte";"Monitoração";"Executado";"Compartilhado com ANTT";"Luiza Franco Suporte";"";"Ecovias Rio Minas";"Ecovias Rio Minas";"";"2025-09-17T16:59";"2022-09-17T16:59";"2025-11-05T23:38";"2022-09-17T16:59";"";"";"0";"";"9bb08412-83d4-445c-b639-97c2637e380b";"X";"Monitoração 0 (Inicial)";"Amarela";"Aprovado";"";"";"";"";"";"";"";"";"";"";"";"";"";"";"";"";"";"";"";"";"";"";"";"";"";"";"";"";"";"";"";"";"";"";"";"";"";"";"";"";"";"";"";"";"";"";"";"";"";"";"";"";"";"";"";"";"";"";"";"";"";"";"0";"0";"0";"";"";"";"";"";"";"";"";"";"Ruim";"Bom";"";"";"";"";"";"";"";"";"";"";"";"";"";"";"";"";"";"";"";"";"";"";"";"";"";"";"";"";"";"";"";"";"";"";"";"";"";"";"";"";"";"";"";"";"";"";"";"";"";"";"";"Aprovado";"";"";"";"";"";"";"";"";"";"";"";"";"";"";"710.4";"SV 116 RJ 128+551 N 1";"";"";"";"";"";"";"";"";"";"";"";"";"";"";"";"";"";"";"";"";"";"";"";"";"";"";"";"";"";"";"";"";"";"";"";"";"";"";"";"";"";"";"ACM";"";"";"0.15";"0";"";"";"";"";"";"";"";"";"";"";"";"";"";""
"0027b313-b288-4b97-90a1-6edcea05c509";"https://app.kartado.com.br/#/SharedLink/Reporting/0027b313-b288-4b97-90a1-6edcea05c509/show?company=b9e4cd95-cb76-4dae-88e2-fd76c9a08110";"ERM-MONI-2025.116251";"BR-116/RJ";"104.29";"104.29";"-22.503";"-43.0009";"Monitoração de Drenagem Superficial";"17.45";"0.4";"0.2";"Não se aplica";"";"";"";"Sul";"Monitoração";"Executado";"Compartilhado com ANTT";"Luiza Franco Suporte";"";"Ecovias Rio Minas";"Ecovias Rio Minas";"";"2025-09-18T17:32";"2022-09-18T17:32";"2025-11-05T23:38";"2022-09-18T17:32";"KM ANTIGO 100+400";"";"0";"";"e7b5765c-19de-4b33-835e-bad3cf21bd70";"";"Monitoração 0 (Inicial)";"";"";"";"";"";"";"";"";"";"";"";"";"";"";"";"";"";"";"";"";"";"";"";"";"";"";"";"";"";"";"";"";"";"";"";"";"";"";"";"";"";"";"";"";"";"";"";"";"";"";"";"";"";"";"";"";"";"";"";"";"";"";"";"";"";"";"";"";"";"";"";"";"";"";"";"";"";"";"";"";"";"";"";"";"";"";"";"";"";"";"";"";"";"";"";"";"";"";"";"";"";"";"";"";"";"";"";"";"";"";"";"";"";"";"";"";"";"";"";"";"";"";"";"";"";"";"";"";"";"";"";"";"";"";"";"";"";"";"";"";"";"";"";"";"";"CA BR 116 RJ 104+290 S_1";"";"";"";"";"";"";"";"";"";"";"";"";"";"";"";"";"";"";"";"";"";"";"";"";"";"";"";"";"";"";"";"";"";"Canaleta";"";"";"";"";"";"";"";"";"";"";"";"";"";"";"";"";"";"";"";"";"";"";"";"";"";"";""
"002879d8-50cb-4cd9-9bdb-22e6ded42a7e";"https://app.kartado.com.br/#/SharedLink/Reporting/002879d8-50cb-4cd9-9bdb-22e6ded42a7e/show?company=b9e4cd95-cb76-4dae-88e2-fd76c9a08110";"ERM-MONI-2026.19278";"BR-116/MG";"427.345";"427.345";"-18.98018299";"-41.98527889";"Monitoração de Faixa de Domínio - Acessos";"";"";"";"Não se aplica";"";"";"";"Norte";"Monitoração";"Executado";"Criado";"Arthur Barros";"";"Ecovias Rio Minas";"Ecovias Rio Minas";"";"2026-07-02T20:28";"2026-07-02T20:23";"2026-07-02T20:38";"2024-07-01T00:00";"";"";"0";"";"30692c8a-1978-440d-b73e-16259b66e691";"";"Monitoração 2";"";"";"";"";"";"";"";"";"";"";"";"";"";"";"";"";"";"";"";"";"";"";"";"";"";"";"";"";"";"";"";"";"";"";"";"";"";"";"";"";"";"";"";"";"";"";"";"";"";"";"";"";"";"";"";"";"";"";"";"";"";"";"";"";"";"";"";"";"";"";"";"";"";"";"";"";"";"";"Periódica";"";"";"";"";"";"";"";"";"Irregulares/não autorizados, necessitando de analise do projeto perante normas técnicas vigentes (DNIT, ABNT e ANTT)";"";"";"";"";"";"";"";"";"";"";"";"";"";"";"";"";"";"";"";"";"";"";"";"";"";"";"";"";"";"";"";"";"";"";"";"";"";"";"";"";"";"";"";"";"";"";"";"";"";"";"";"";"";"";"";"";"";"AC 116 MG 427+318 N 1";"";"";"";"";"";"";"";"";"";"";"";"";"";"";"";"";"Público";"Não Pavimentado";"";"";"";"";"";"";"";"";"";"";"";"";"";"";"";"";"";"";"";"";"";"";"";"";"";"";"";"";"";"";"";"";"";"";"";"";"";"";"";"Prefeitura Municipal De Alpercata";"";"";""
"00289cf8-e7c8-4bf1-b3c6-76ac6746e3e8";"https://app.kartado.com.br/#/SharedLink/Reporting/00289cf8-e7c8-4bf1-b3c6-76ac6746e3e8/show?company=b9e4cd95-cb76-4dae-88e2-fd76c9a08110";"ERM-MONI-2025.56824";"BR-116/MG";"570.283";"570.283";"-20.11639815";"-42.18073575";"Monitoração de Sinalização Vertical";"";"0.5";"0.6";"Não se aplica";"";"";"";"Sul";"Monitoração";"Executado";"Compartilhado com ANTT";"Luiza Franco Suporte";"";"Ecovias Rio Minas";"Ecovias Rio Minas";"";"2025-09-17T16:54";"2022-09-17T16:54";"2025-11-05T23:38";"2022-09-17T16:54";"";"";"0";"";"2f3e0906-9f67-46e4-ba05-9ed7f80caafa";"III";"Monitoração 0 (Inicial)";"Amarela";"Aprovado";"";"";"";"";"";"";"";"";"";"";"";"";"";"";"";"";"";"";"";"";"";"";"";"";"";"";"";"";"";"";"";"";"";"";"";"";"";"";"";"";"";"";"";"";"";"";"";"";"";"";"";"";"";"";"";"";"";"";"";"";"";"";"0";"0";"0";"";"";"";"";"";"";"";"";"";"Bom";"Bom";"";"";"";"";"";"";"";"";"";"";"";"";"";"";"";"";"";"";"";"";"";"";"";"";"";"";"";"";"";"";"";"";"";"";"";"";"";"";"";"";"";"";"";"";"";"";"";"";"";"";"";"Aprovado";"";"";"";"";"";"";"";"";"";"";"";"";"";"";"621.2";"SV 116 MG 570+283 S 1";"";"";"";"";"";"";"";"";"";"";"";"";"";"";"";"";"";"";"";"";"";"";"";"";"";"";"";"";"";"";"";"";"";"";"";"";"";"";"";"";"";"";"Aço";"";"";"0.15";"0";"";"";"";"";"";"";"";"";"";"";"";"";"";""
"0028c2ac-450f-48ad-a13c-2666d03b2ea5";"https://app.kartado.com.br/#/SharedLink/Reporting/0028c2ac-450f-48ad-a13c-2666d03b2ea5/show?company=b9e4cd95-cb76-4dae-88e2-fd76c9a08110";"ERM-MONI-2025.143480";"BR-116/MG";"497.838";"497.838";"-19.54556040597826";"-42.12682105635188";"Monitoração de Drenagem Profunda (OAC)";"";"";"";"Não se aplica";"";"";"";"Norte";"Monitoração";"Executado";"Compartilhado com ANTT";"Lucas Pereira Luiz";"";"Ecovias Rio Minas";"Ecovias Rio Minas";"";"2025-09-19T20:43";"2025-09-19T20:43";"2026-01-06T13:39";"2022-09-19T20:43";"Tipo Montante :SIMPLES | Tipo Jusante: SIMPLES";"";"0";"";"19f6fe5c-160d-44e2-8608-4a7c8cc3fb4f";"";"Monitoração 0 (Inicial)";"";"";"";"";"";"";"";"";"";"";"";"";"";"";"";"";"";"";"";"";"";"";"";"";"";"";"";"";"";"";"";"";"";"";"";"";"";"";"";"";"";"";"";"";"";"";"";"";"";"";"";"";"";"";"";"";"";"";"";"";"";"";"";"";"";"";"";"";"";"";"";"";"";"";"";"";"";"";"";"";"";"";"";"";"";"";"";"";"";"";"";"";"";"";"";"";"";"";"";"";"";"";"Regular";"Bom";"false";"false";"";"";"";"";"";"";"";"";"";"";"";"";"";"";"";"";"";"";"";"";"";"";"";"";"";"";"";"";"";"";"";"";"";"";"";"";"";"";"";"OAC BR 116 MG 497+839 S";"";"";"";"";"";"";"";"";"";"";"";"";"";"";"";"";"";"";"";"";"";"";"";"";"";"";"";"";"";"";"";"";"";"";"";"0,80x1,0x2,10";"2";"1,0x1,0x6,40";"2";"";"";"";"";"";"";"";"";"";"";"";"";"";"";"";"";"";"";"";"";"";""
"0029aefa-90fe-45ea-ae54-c80c055dee4b";"https://app.kartado.com.br/#/SharedLink/Reporting/0029aefa-90fe-45ea-ae54-c80c055dee4b/show?company=b9e4cd95-cb76-4dae-88e2-fd76c9a08110";"ERM-MONI-2025.51045";"BR-493/RJ";"102.535";"102.535";"-22.76089628936049";"-43.73501598598154";"Monitoração de Drenagem Superficial";"2";"0.4";"0.2";"Não se aplica";"";"";"";"Norte";"Monitoração";"Executado";"Compartilhado com ANTT";"Vidal Valério";"";"Ecovias Rio Minas";"Ecovias Rio Minas";"";"2025-09-17T15:26";"2023-09-17T15:26";"2025-11-05T23:38";"2023-09-17T15:26";"";"";"0";"";"5beee2c3-5b34-4ce4-b41c-3afccc8fb4c7";"";"Monitoração 1";"";"";"";"";"";"";"";"";"";"";"";"";"";"";"";"";"";"";"";"";"";"";"";"";"";"";"";"";"";"";"";"";"";"";"";"";"";"";"";"";"";"";"";"";"";"";"";"";"";"";"";"";"";"";"";"";"";"";"";"";"";"";"";"";"";"";"";"";"";"";"";"";"";"";"";"";"";"";"";"";"";"";"";"";"";"";"";"";"";"";"";"";"";"";"";"";"";"";"";"";"";"true";"";"";"";"";"";"";"";"";"";"";"";"";"";"";"";"";"";"";"";"";"";"";"";"";"";"";"";"";"";"";"";"";"";"";"";"";"";"";"";"";"";"";"";"DA BR 493 RJ 102+535 N";"";"";"";"";"";"";"";"";"";"";"";"";"";"";"";"";"";"";"";"";"";"";"";"";"";"";"";"";"";"";"";"";"";"Descida d'água";"";"";"";"";"";"";"";"";"";"";"";"";"";"";"";"";"";"";"";"";"";"";"";"";"";"";""
"002a9e1c-edd4-4c24-b5d4-7c6273bfcb4b";"https://app.kartado.com.br/#/SharedLink/Reporting/002a9e1c-edd4-4c24-b5d4-7c6273bfcb4b/show?company=b9e4cd95-cb76-4dae-88e2-fd76c9a08110";"ERM-MONI-2025.21172";"BR-116/RJ-(DUTRA)";"172";"172";"-22.80421044";"-43.34636429";"Monitoração de Sinalização Vertical";"";"0.6";"1";"Não se aplica";"";"";"";"Norte";"Monitoração";"Executado";"Compartilhado com ANTT";"Luan Poletti";"";"Ecovias Rio Minas";"Ecovias Rio Minas";"";"2025-09-13T21:48";"2024-09-13T21:48";"2025-11-05T23:38";"2024-09-13T21:48";"";"";"0";"";"e8ad3354-a9f5-431e-8697-826860df6334";"III";"Monitoração 2";"Azul";"Aprovado";"";"";"";"";"";"";"";"";"";"";"";"";"";"";"";"";"";"";"";"";"";"";"";"";"";"";"";"";"";"";"";"";"";"";"";"";"";"";"";"";"";"";"";"";"";"";"";"";"";"";"";"";"";"";"";"";"";"";"";"";"";"";"928.6";"0";"0";"Aprovado";"";"";"";"";"";"";"";"";"Bom";"Bom";"";"";"";"";"";"";"";"";"";"";"";"";"";"";"";"";"";"";"";"";"";"";"";"";"";"";"";"";"";"";"";"";"";"";"";"";"";"";"";"";"";"";"";"";"";"";"";"";"";"";"";"Aprovado";"";"";"";"";"";"";"";"";"";"";"";"";"";"";"173.2";"SV 116 RJ 172+000 N 2";"";"";"";"";"";"";"";"";"";"";"";"";"";"";"";"";"";"";"";"";"";"";"";"";"";"";"";"";"";"";"";"";"";"";"";"";"";"";"";"";"";"Localização";"ACM";"";"";"";"";"";"";"";"";"";"";"";"";"";"";"";"";"";""
"002a9f10-34a8-4f75-8c22-649c5051edc6";"https://app.kartado.com.br/#/SharedLink/Reporting/002a9f10-34a8-4f75-8c22-649c5051edc6/show?company=b9e4cd95-cb76-4dae-88e2-fd76c9a08110";"ERM-MONI-2025.29728";"BR-116/MG";"510.734";"510.808";"-19.65363";"-42.11124";"Monitoração de Drenagem Superficial";"74";"0.7";"0.3";"Não se aplica";"";"";"";"Norte";"Monitoração";"Executado";"Compartilhado com ANTT";"Luan Poletti";"";"Ecovias Rio Minas";"Ecovias Rio Minas";"";"2025-09-15T10:14";"2024-09-15T10:14";"2025-11-05T23:38";"2024-09-15T10:14";"";"";"0";"";"3adc8fda-5297-49eb-bdce-dcdcdd35a0de";"";"Monitoração 2";"";"";"";"";"";"";"";"";"";"";"";"";"";"";"";"";"";"";"";"";"";"";"";"";"";"";"";"";"";"";"";"";"";"";"";"";"";"";"";"";"";"";"";"";"";"";"";"";"";"";"";"";"";"";"";"";"";"";"";"";"";"";"";"";"";"";"";"";"";"";"";"";"";"";"";"";"";"";"";"";"";"";"";"";"";"";"";"";"";"";"";"";"";"";"";"";"";"";"";"";"";"true";"";"";"";"";"";"";"";"";"";"";"";"";"";"";"";"";"";"";"";"";"";"";"";"";"";"";"";"";"";"";"";"";"";"";"";"";"";"";"";"";"";"";"";"SJ 116 MG 510+734 N 1";"";"";"";"";"";"";"";"";"";"";"";"";"";"";"";"";"";"";"";"";"";"";"";"";"";"";"";"";"";"";"";"";"";"Sarjeta";"";"";"";"";"";"";"";"";"";"";"";"";"";"";"";"";"";"";"";"";"";"";"";"";"";"";""
"002b287e-da9f-4d21-bbec-c9b907b7c5ef";"https://app.kartado.com.br/#/SharedLink/Reporting/002b287e-da9f-4d21-bbec-c9b907b7c5ef/show?company=b9e4cd95-cb76-4dae-88e2-fd76c9a08110";"ERM-MONI-2025.30687";"BR-116/RJ-(DUTRA)";"203.639";"203.64600000000002";"-22.72946231";"-43.62768658";"Monitoração de Drenagem Superficial";"7";"0.2";"0.5";"Não se aplica";"";"";"";"Sul";"Monitoração";"Executado";"Compartilhado com ANTT";"Luan Poletti";"";"Ecovias Rio Minas";"Ecovias Rio Minas";"";"2025-09-15T11:23";"2024-09-15T11:23";"2025-11-05T23:38";"2024-09-15T11:23";"";"";"0";"";"5c6febd6-a954-40f0-99f0-c3e2438f75d2";"";"Monitoração 2";"";"";"";"";"";"";"";"";"";"";"";"";"";"";"";"";"";"";"";"";"";"";"";"";"";"";"";"";"";"";"";"";"";"";"";"";"";"";"";"";"";"";"";"";"";"";"";"";"";"";"";"";"";"";"";"";"";"";"";"";"";"";"";"";"";"";"";"";"";"";"";"";"";"";"";"";"";"";"";"";"";"";"";"";"";"";"";"";"";"";"";"";"";"";"";"";"";"";"";"";"";"true";"";"";"";"";"";"";"";"";"";"";"";"";"";"";"";"";"";"";"";"";"";"";"";"";"";"";"";"";"";"";"";"";"";"";"";"";"";"";"";"";"";"";"";"DA 116 RJ 203+639 S 1";"";"";"";"";"";"";"";"";"";"";"";"";"";"";"";"";"";"";"";"";"";"";"";"";"";"";"";"";"";"";"";"";"";"Descida d'água";"";"";"";"";"";"";"";"";"";"";"";"";"";"";"";"";"";"";"";"";"";"";"";"";"";"";""
"002bfade-ecb9-4953-a525-92c09a4cbce2";"https://app.kartado.com.br/#/SharedLink/Reporting/002bfade-ecb9-4953-a525-92c09a4cbce2/show?company=b9e4cd95-cb76-4dae-88e2-fd76c9a08110";"ERM-MONI-2025.44356";"BR-116/MG";"490.029";"490.051";"-19.47716";"-42.12966";"Monitoração de Drenagem Profunda (OAC)";"22";"";"";"Não se aplica";"";"";"";"Sul";"Monitoração";"Executado";"Compartilhado com ANTT";"Luan Poletti";"";"Ecovias Rio Minas";"Ecovias Rio Minas";"";"2025-09-16T19:50";"2024-09-16T19:50";"2025-11-05T23:38";"2024-09-16T19:50";"Obs Montante: Tampa selada. | Obs Jusante: Dispositivo localizado em propriedade particular.";"";"0";"";"caf2b8a5-67cc-4811-860e-010985eb46ab";"";"Monitoração 2";"";"";"";"";"";"";"";"";"";"";"";"";"";"";"";"";"";"";"";"";"";"";"";"";"";"";"";"";"";"";"";"";"";"";"";"";"";"";"";"";"";"";"";"";"";"";"";"";"";"";"";"";"";"";"";"";"";"";"";"";"";"";"";"";"";"";"";"";"";"";"";"";"";"";"";"";"";"";"";"";"";"";"";"";"";"";"";"";"";"";"";"";"";"";"";"";"";"";"";"";"";"";"Regular";"Regular";"";"";"";"";"";"";"";"";"";"";"";"";"";"";"";"";"";"";"";"";"";"";"";"";"";"";"";"";"";"";"";"";"";"";"";"";"";"";"";"";"";"BU 116 MG 490+029 S 1";"";"";"";"";"";"";"";"";"";"";"";"";"";"";"";"";"";"";"";"";"";"";"";"";"";"";"";"";"";"";"";"";"";"";"";"1,20x1,20x3,30x1,0";"2";"1,20x1,40x1,0";"2";"";"";"";"";"";"";"";"";"";"";"";"";"";"";"";"";"";"";"";"";"";""
"002c09c6-dde3-4dcd-bf92-fcac34ecb3ee";"https://app.kartado.com.br/#/SharedLink/Reporting/002c09c6-dde3-4dcd-bf92-fcac34ecb3ee/show?company=b9e4cd95-cb76-4dae-88e2-fd76c9a08110";"ERM-MONI-2025.12826";"BR-116/MG";"763.095";"763.095";"-21.52484375";"-42.63668132";"Monitoração de Sinalização Vertical";"";"0.28";"0.48";"Não se aplica";"";"";"";"Norte";"Monitoração";"Executado";"Compartilhado com ANTT";"Luan Poletti";"";"Ecovias Rio Minas";"Ecovias Rio Minas";"";"2025-09-13T20:51";"2024-09-13T20:51";"2025-11-05T23:38";"2024-09-13T20:51";"";"";"0";"";"9ad5de7f-2f99-4eb3-908e-dd7c6235c82b";"X";"Monitoração 2";"Amarela";"Aprovado";"";"";"";"";"";"";"";"";"";"";"";"";"";"";"";"";"";"";"";"";"";"";"";"";"";"";"";"";"";"";"";"";"";"";"";"";"";"";"";"";"";"";"";"";"";"";"";"";"";"";"";"";"";"";"";"";"";"";"";"";"";"";"0";"0";"0";"";"";"";"";"";"";"";"";"";"Bom";"Bom";"";"";"";"";"";"";"";"";"";"";"";"";"";"";"";"";"";"";"";"";"";"";"";"";"";"";"";"";"";"";"";"";"";"";"";"";"";"";"";"";"";"";"";"";"";"";"";"";"";"";"";"Aprovado";"";"";"";"";"";"";"";"";"";"";"";"";"";"";"673.4";"SV 116 MG 763+095 N 1";"";"";"";"";"";"";"";"";"";"";"";"";"";"";"";"";"";"";"";"";"";"";"";"";"";"";"";"";"";"";"";"";"";"";"";"";"";"";"";"";"";"Dispositivos Auxiliares";"Aço";"";"";"";"";"";"";"";"";"";"";"";"";"";"";"";"";"";""
"002c35c9-94ba-46f9-9591-c04f548d09ed";"https://app.kartado.com.br/#/SharedLink/Reporting/002c35c9-94ba-46f9-9591-c04f548d09ed/show?company=b9e4cd95-cb76-4dae-88e2-fd76c9a08110";"ERM-MONI-2025.19049";"BR-116/MG";"744.85";"744.85";"-21.43120841";"-42.51651345";"Monitoração de Sinalização Vertical";"";"0.85";"0.85";"Não se aplica";"";"";"";"Sul";"Monitoração";"Executado";"Compartilhado com ANTT";"Luan Poletti";"";"Ecovias Rio Minas";"Ecovias Rio Minas";"";"2025-09-13T21:13";"2024-09-13T21:13";"2025-11-05T23:38";"2024-09-13T21:13";"";"";"0";"";"fae12fae-d214-49fc-a58d-4fe96405115a";"III";"Monitoração 2";"Azul";"Aprovado";"";"";"";"";"";"";"";"";"";"";"";"";"";"";"";"";"";"";"";"";"";"";"";"";"";"";"";"";"";"";"";"";"";"";"";"";"";"";"";"";"";"";"";"";"";"";"";"";"";"";"";"";"";"";"";"";"";"";"";"";"";"";"836";"0";"0";"Aprovado";"";"";"";"";"";"";"";"";"Bom";"Bom";"";"";"";"";"";"";"";"";"";"";"";"";"";"";"";"";"";"";"";"";"";"";"";"";"";"";"";"";"";"";"";"";"";"";"";"";"";"";"";"";"";"";"";"";"";"";"";"";"";"";"";"Aprovado";"";"";"";"";"";"";"";"";"";"";"";"";"";"";"88.42";"SV 116 MG 744+850 S 1";"";"";"";"";"";"";"";"";"";"";"";"";"";"";"";"";"";"";"";"";"";"";"";"";"";"";"";"";"";"";"";"";"";"";"";"";"";"";"";"";"";"Identificação";"ACM";"";"";"";"";"";"";"";"";"";"";"";"";"";"";"";"";"";""
"002c50db-e9e6-4732-9124-32b0575ba3c4";"https://app.kartado.com.br/#/SharedLink/Reporting/002c50db-e9e6-4732-9124-32b0575ba3c4/show?company=b9e4cd95-cb76-4dae-88e2-fd76c9a08110";"ERM-MONI-2025.14426";"BR-116/MG";"681.225";"681.225";"-20.95410477";"-42.3499801";"Monitoração de Sinalização Vertical";"";"3";"1.5";"Não se aplica";"";"";"";"Sul";"Monitoração";"Executado";"Compartilhado com ANTT";"Luan Poletti";"";"Ecovias Rio Minas";"Ecovias Rio Minas";"";"2025-09-13T20:59";"2024-09-13T20:59";"2025-11-05T23:38";"2024-09-13T20:59";"";"";"0";"";"e14e1a8d-8604-42eb-9553-2099c357d324";"X";"Monitoração 2";"Azul";"Aprovado";"";"";"";"";"";"";"";"";"";"";"";"";"";"";"";"";"";"";"";"";"";"";"";"";"";"";"";"";"";"";"";"";"";"";"";"";"";"";"";"";"";"";"";"";"";"";"";"";"";"";"";"";"";"";"";"";"";"";"";"";"";"";"1160.2";"0";"0";"Aprovado";"";"";"";"";"";"";"";"";"Bom";"Bom";"";"";"";"";"";"";"";"";"";"";"";"";"";"";"";"";"";"";"";"";"";"";"";"";"";"";"";"";"";"";"";"";"";"";"";"";"";"";"";"";"";"";"";"";"";"";"";"";"";"";"";"Aprovado";"";"";"";"";"";"";"";"";"";"";"";"";"";"";"112.8";"SV 116 MG 681+225 S 1";"";"";"";"";"";"";"";"";"";"";"";"";"";"";"";"";"";"";"";"";"";"";"";"";"";"";"";"";"";"";"";"";"";"";"";"";"";"";"";"";"";"Localização";"ACM";"";"";"";"";"";"";"";"";"";"";"";"";"";"";"";"";"";""
"002c8d88-c2a3-4699-90c8-6d5ad1cb2c38";"https://app.kartado.com.br/#/SharedLink/Reporting/002c8d88-c2a3-4699-90c8-6d5ad1cb2c38/show?company=b9e4cd95-cb76-4dae-88e2-fd76c9a08110";"ERM-MONI-2025.30092";"BR-116/MG";"438.949";"438.875";"-19.06927";"-42.00269";"Monitoração de Drenagem Superficial";"55";"0.8";"0.3";"Não se aplica";"";"";"";"Norte";"Monitoração";"Executado";"Compartilhado com ANTT";"Luan Poletti";"";"Ecovias Rio Minas";"Ecovias Rio Minas";"";"2025-09-15T10:14";"2024-09-15T10:14";"2025-11-05T23:38";"2024-09-15T10:14";"";"";"0";"";"ecdefbeb-3685-436e-bcb4-0d1467d887d6";"";"Monitoração 2";"";"";"";"";"";"";"";"";"";"";"";"";"";"";"";"";"";"";"";"";"";"";"";"";"";"";"";"";"";"";"";"";"";"";"";"";"";"";"";"";"";"";"";"";"";"";"";"";"";"";"";"";"";"";"";"";"";"";"";"";"";"";"";"";"";"";"";"";"";"";"";"";"";"";"";"";"";"";"";"";"";"";"";"";"";"";"";"";"";"";"";"";"";"";"";"";"";"";"";"";"";"true";"";"";"";"";"";"";"";"";"";"";"";"";"";"";"";"";"";"";"";"";"";"";"";"";"";"";"";"";"";"";"";"";"";"";"";"";"";"";"";"";"";"";"";"SJ 116 MG 438+949 N 1";"";"";"";"";"";"";"";"";"";"";"";"";"";"";"";"";"";"";"";"";"";"";"";"";"";"";"";"";"";"";"";"";"";"Sarjeta";"";"";"";"";"";"";"";"";"";"";"";"";"";"";"";"";"";"";"";"";"";"";"";"";"";"";""
"002cdd99-d82e-41b9-b809-4cb0c4e005ba";"https://app.kartado.com.br/#/SharedLink/Reporting/002cdd99-d82e-41b9-b809-4cb0c4e005ba/show?company=b9e4cd95-cb76-4dae-88e2-fd76c9a08110";"ERM-MONI-2025.06577";"BR-116/RJ";"50";"50";"-22.181363";"-42.851174";"Monitoração de Sinalização Horizontal - Longitudinal (Estático)";"";"";"";"Eixo 2";"";"";"";"Não se aplica";"Monitoração";"Executado";"Compartilhado com ANTT";"Luan Poletti";"";"Ecovias Rio Minas";"Ecovias Rio Minas";"";"2025-09-11T18:05";"2024-09-11T18:05";"2025-11-05T23:38";"2024-09-11T18:05";"";"";"0";"";"65a54ca1-2d3e-4ca5-88d3-d3cf87acc476";"";"Monitoração 2";"";"";"Eixo 2";"Amarela";"APROVADO";"Bordo Direito";"Branca";"APROVADO";"Eixo 2";"Amarela";"APROVADO";"Bordo Direito";"Branca";"APROVADO";"Eixo 2";"Amarela";"APROVADO";"Bordo Direito";"Branca";"APROVADO";"Eixo 2";"Amarela";"APROVADO";"Bordo Direito";"Branca";"APROVADO";"Eixo 2";"Amarela";"APROVADO";"Bordo Direito";"Branca";"APROVADO";"Eixo 2";"Amarela";"APROVADO";"Bordo Direito";"Branca";"APROVADO";"253.5405405405405";"";"";"336.7111111111111";"";"";"";"";"";"";"";"";"";"";"";"";"";"";"";"";"";"";"";"";"";"";"";"";"";"";"";"";"";"";"";"";"";"0";"";"";"";"";"";"";"";"";"";"";"";"";"";"";"";"";"";"";"";"";"";"";"";"";"";"";"";"";"";"";"";"";"";"";"";"";"";"";"";"";"";"";"";"";"";"";"";"";"";"";"";"";"";"";"";"";"";"";"";"";"";"";"";"";"";"";"";"";"";"Trecho km 50 ao 60 PISTA SULEixo DuploBR-116/RJ";"";"";"";"";"";"";"";"";"";"";"";"";"";"";"";"";"";"";"";"";"";"";"";"";"";"";"";"";"";"";"";"";"";"";"";"";"";"";"";"";"";"";"";"";"";"";"";"";"";"";"";"";"";"";"";"";"";"";"";"";""
"002d342e-06aa-43e6-85fd-2b67a67931b6";"https://app.kartado.com.br/#/SharedLink/Reporting/002d342e-06aa-43e6-85fd-2b67a67931b6/show?company=b9e4cd95-cb76-4dae-88e2-fd76c9a08110";"ERM-MONI-2025.137939";"BR-116/MG";"414.767";"414.762";"-18.88841759";"-41.94595587";"Monitoração de Sinalização Horizontal - Marcas Viárias";"5";"1";"";"Pista";"";"";"";"Norte";"Monitoração";"Executado";"Compartilhado com ANTT";"Luiza Franco Suporte";"";"Ecovias Rio Minas";"Ecovias Rio Minas";"";"2025-09-19T18:25";"2025-09-19T18:25";"2025-11-05T23:38";"2022-09-19T18:25";"Sinalização PEM";"";"0";"";"7c51ae62-8a3c-49fe-baf9-03e455911e5a";"";"Monitoração 0 (Inicial)";"";"";"";"";"";"";"";"";"";"";"";"";"";"";"";"";"";"";"";"";"";"";"";"";"";"";"";"";"";"";"";"";"";"";"";"";"";"";"";"";"";"";"";"";"";"";"";"";"";"";"";"";"Reprovado";"Marca Viária";"";"";"";"";"";"";"";"";"";"";"";"";"";"";"";"";"13.67";"";"";"";"";"5";"";"";"";"";"";"";"";"";"";"";"";"";"";"";"";"";"";"";"";"";"";"";"";"";"";"";"";"";"";"";"";"";"";"";"";"";"";"";"";"";"";"";"";"";"";"";"";"";"";"";"";"";"";"";"";"";"";"";"";"";"";"";"";"";"";"";"";"";"";"SH 116 MG 414,767 N 1";"";"";"";"";"";"";"";"";"";"";"";"";"";"";"";"";"";"";"";"";"";"";"";"";"";"";"";"";"";"";"";"";"";"";"";"";"";"";"";"";"";"";"";"";"";"";"";"";"";"";"";"";"";"";"";"";"";"";"";"";""
"002d7896-86e9-4784-b087-318d7d3a4186";"https://app.kartado.com.br/#/SharedLink/Reporting/002d7896-86e9-4784-b087-318d7d3a4186/show?company=b9e4cd95-cb76-4dae-88e2-fd76c9a08110";"ERM-MONI-2025.00064";"BR-116/RJ";"36.063";"35.934";"-22.10222669";"-42.79534546";"Monitoração de EPS - Defensas Metálicas";"128";"";"0.72";"Expressa";"";"";"";"Norte";"Monitoração";"Executado";"Compartilhado com ANTT";"Luan Poletti";"";"Ecovias Rio Minas";"Ecovias Rio Minas";"";"2025-09-06T17:51";"2024-09-06T17:51";"2025-11-05T23:38";"2024-09-06T17:51";"DEFENSA METÁLICA - BR-116-RJ";"";"0";"";"650d5c62-bc88-4d8c-9f8a-f5be971748e8";"";"";"";"";"";"";"";"";"";"";"";"";"";"";"";"";"";"";"";"";"";"";"";"";"";"";"";"";"";"";"";"";"";"";"";"";"";"";"";"";"";"";"";"";"";"";"";"";"";"";"";"";"";"";"";"";"";"";"true";"";"";"2";"";"";"false";"";"";"";"";"";"";"";"";"";"";"";"";"";"";"";"";"";"";"";"";"";"";"";"";"";"";"";"";"";"";"";"";"";"";"";"";"";"";"";"";"";"";"";"";"";"";"";"";"";"";"";"";"";"";"";"";"";"";"";"";"1";"Atendido";"";"";"";"";"";"";"";"";"";"";"";"";"";"";"";"";"";"";"";"";"DM 116 RJ 036+063 N 1";"";"";"";"";"";"";"";"";"";"";"";"";"";"";"";"";"";"";"";"";"";"";"";"";"";"";"";"";"";"";"";"";"";"";"";"";"";"";"";"";"";"";"";"";"";"";"";"";"";"";"";"";"";"";"";"";"";"";"";"";""
"002dcb3b-7734-4075-9c82-214f57df2b20";"https://app.kartado.com.br/#/SharedLink/Reporting/002dcb3b-7734-4075-9c82-214f57df2b20/show?company=b9e4cd95-cb76-4dae-88e2-fd76c9a08110";"ERM-MONI-2025.23958";"BR-465/RJ";"0.75";"0.75";"-22.71524485";"-43.72923216";"Monitoração de Sinalização Vertical";"";"0.5";"0.6";"Não se aplica";"";"";"";"Norte";"Monitoração";"Executado";"Compartilhado com ANTT";"Luan Poletti";"";"Ecovias Rio Minas";"Ecovias Rio Minas";"";"2025-09-13T22:20";"2024-09-13T22:20";"2025-11-05T23:38";"2024-09-13T22:20";"";"";"0";"";"d1b76e7b-c151-4b42-b7f9-286d87e7118e";"III";"Monitoração 2";"Amarela";"Aprovado";"";"";"";"";"";"";"";"";"";"";"";"";"";"";"";"";"";"";"";"";"";"";"";"";"";"";"";"";"";"";"";"";"";"";"";"";"";"";"";"";"";"";"";"";"";"";"";"";"";"";"";"";"";"";"";"";"";"";"";"";"";"";"0";"0";"0";"";"";"";"";"";"";"";"";"";"Bom";"Bom";"";"";"";"";"";"";"";"";"";"";"";"";"";"";"";"";"";"";"";"";"";"";"";"";"";"";"";"";"";"";"";"";"";"";"";"";"";"";"";"";"";"";"";"";"";"";"";"";"";"";"";"Aprovado";"";"";"";"";"";"";"";"";"";"";"";"";"";"";"520.2";"SV 465 RJ 000+750 N 6";"";"";"";"";"";"";"";"";"";"";"";"";"";"";"";"";"";"";"";"";"";"";"";"";"";"";"";"";"";"";"";"";"";"";"";"";"";"";"";"";"";"Dispositivos Auxiliares";"ACM";"";"";"";"";"";"";"";"";"";"";"";"";"";"";"";"";"";""
"002f018e-7edd-49b5-8665-ec74e129617f";"https://app.kartado.com.br/#/SharedLink/Reporting/002f018e-7edd-49b5-8665-ec74e129617f/show?company=b9e4cd95-cb76-4dae-88e2-fd76c9a08110";"ERM-MONI-2026.08714";"BR-116/MG";"495.775";"495.775";"-19.52817544399994";"-42.12714783899997";"Monitoração de Faixa de Domínio - Acessos";"";"";"";"Não se aplica";"";"";"";"Norte";"Monitoração";"Executado";"Criado";"Arthur Barros";"";"Ecovias Rio Minas";"Ecovias Rio Minas";"";"2026-07-02T20:28";"2026-07-02T20:23";"2026-07-02T20:32";"2022-11-01T00:00";"";"";"0";"";"e02e39a2-594c-483b-930b-37f63f24d7ba";"";"Monitoração 0 (Inicial)";"";"";"";"";"";"";"";"";"";"";"";"";"";"";"";"";"";"";"";"";"";"";"";"";"";"";"";"";"";"";"";"";"";"";"";"";"";"";"";"";"";"";"";"";"";"";"";"";"";"";"";"";"";"";"";"";"";"";"";"";"";"";"";"";"";"";"";"";"";"";"";"";"";"";"";"";"";"";"Periódica";"";"";"";"";"";"";"";"";"Irregulares/não autorizados, necessitando de analise do projeto perante normas técnicas vigentes (DNIT, ABNT e ANTT)";"";"";"";"";"";"";"";"";"";"";"";"";"";"";"";"";"";"";"";"";"";"";"";"";"";"";"";"";"";"";"";"";"";"";"";"";"";"";"";"";"";"";"";"";"";"";"";"";"";"";"";"";"";"";"";"";"";"AC 116 MG 495+756 N 1";"";"";"";"";"";"";"";"";"";"";"";"";"";"";"";"";"Público";"Não Pavimentado";"";"";"";"";"";"";"";"";"";"";"";"";"";"";"";"";"";"";"";"";"";"";"";"";"";"";"";"";"";"";"";"";"";"";"";"";"";"";"";"PREFEITURA MUNICIPAL DE INHAPIM";"";"";""
"002f7288-abe9-4fb0-ac53-952a7dd1cc3b";"https://app.kartado.com.br/#/SharedLink/Reporting/002f7288-abe9-4fb0-ac53-952a7dd1cc3b/show?company=b9e4cd95-cb76-4dae-88e2-fd76c9a08110";"ERM-CCFD-2026.00406";"BR-116/RJ";"25";"24";"-22.036714";"-42.78116";"Roçada Cerca a Cerca";"";"";"";"Acostamento";"";"";"";"Norte";"Canteiro Central e Faixa de Domínio";"Programado";"Criado";"Lucas Sathler";"Lucas Sathler";"G P Portilho - IDCT 15598";"G P Portilho";"Cronograma Cerca a Cerca BR-116 SD (B)";"2026-07-22T15:41";"2026-07-22T15:40";"2026-07-22T15:42";"";"";"2026-10-31T00:00";"0";"";"";"";"";"";"";"";"";"";"";"";"";"";"";"";"";"";"";"";"";"";"";"";"";"";"";"";"";"";"";"";"";"";"";"";"";"";"";"";"";"";"";"";"";"";"";"";"";"";"";"";"";"";"";"";"";"";"";"";"";"";"";"";"";"";"";"";"";"";"";"";"";"";"";"";"";"";"";"";"0";"";"";"";"";"";"";"";"";"";"";"";"";"";"";"";"";"";"";"";"";"";"";"";"";"";"";"";"";"";"";"";"";"";"";"";"";"";"";"";"";"";"";"";"";"";"";"";"";"";"";"";"";"";"";"";"";"";"";"";"";"";"";"";"";"";"";"";"";"";"";"";"";"";"";"";"";"";"";"";"";"";"";"";"";"";"";"";"";"";"";"";"";"";"";"";"";"";"";"";"";"";"";"";"";"";"";"";"";"";"";"";"";"";"";"";"";"";"";"";"";"";"";"";"";"";"";"";"";"";"";""
"002fe05a-0773-4cb9-894d-ea75504486f2";"https://app.kartado.com.br/#/SharedLink/Reporting/002fe05a-0773-4cb9-894d-ea75504486f2/show?company=b9e4cd95-cb76-4dae-88e2-fd76c9a08110";"ERM-MONI-2025.87811";"BR-493/RJ";"14.03";"14.03";"-22.66998619999999";"-42.98310740000002";"Monitoração de Sinalização Vertical";"";"1";"1";"Não se aplica";"";"";"";"Norte";"Monitoração";"Executado";"Compartilhado com ANTT";"Lucas Pereira Luiz";"";"Ecovias Rio Minas";"Ecovias Rio Minas";"";"2025-09-17T19:34";"2023-09-17T19:34";"2025-11-05T23:38";"2023-09-17T19:34";"Arquivo: SV - BR-493-RJ - NORTE | Descrição: R-19";"";"0";"";"7f53ed47-06cc-4ef2-a19e-69b3191421e3";"III";"Monitoração 1";"Vermelha";"Aprovado";"";"";"";"";"";"";"";"";"";"";"";"";"";"";"";"";"";"";"";"";"";"";"";"";"";"";"";"";"";"";"";"";"";"";"";"";"";"";"";"";"";"";"";"";"";"";"";"";"";"";"";"";"";"";"";"";"";"";"";"";"";"";"774.6";"0";"0";"Aprovado";"";"";"";"";"";"";"";"0.79";"Bom";"Bom";"";"";"";"";"";"";"";"";"";"";"";"";"";"";"";"";"";"";"";"";"";"";"";"";"";"";"";"";"";"";"";"";"";"";"";"";"";"";"";"";"";"";"";"";"";"";"";"";"";"";"";"Aprovado";"";"";"";"";"";"";"";"";"";"";"";"";"";"";"113.4";"SV 493 RJ 014+030 N 1";"";"";"";"";"";"";"";"";"";"";"";"";"";"";"";"";"";"";"";"";"";"";"";"";"";"";"";"";"";"";"";"";"";"";"";"";"";"";"";"";"";"Regulamentação";"ACM";"1";"";"";"";"Madeira";"";"";"";"";"";"";"";"";"";"";"";"";""
"003083b9-aac4-47c3-b3b5-b8a1eef8d5c0";"https://app.kartado.com.br/#/SharedLink/Reporting/003083b9-aac4-47c3-b3b5-b8a1eef8d5c0/show?company=b9e4cd95-cb76-4dae-88e2-fd76c9a08110";"ERM-MONI-2025.11075";"BR-116/MG";"497.37";"497.37";"-19.5413024";"-42.12572245";"Monitoração de Sinalização Vertical";"";"";"";"Não se aplica";"";"";"";"Norte";"Monitoração";"Executado";"Compartilhado com ANTT";"Luan Poletti";"";"Ecovias Rio Minas";"Ecovias Rio Minas";"";"2025-09-13T20:42";"2024-09-13T20:42";"2025-11-05T23:38";"2024-09-13T20:42";"";"";"0";"";"4df9dfe0-7bde-4e9e-a953-168420537a22";"III";"Monitoração 2";"Vermelha";"Aprovado";"";"";"";"";"";"";"";"";"";"";"";"";"";"";"";"";"";"";"";"";"";"";"";"";"";"";"";"";"";"";"";"";"";"";"";"";"";"";"";"";"";"";"";"";"";"";"";"";"";"";"";"";"";"";"";"";"";"";"";"";"";"";"735.4";"0";"0";"Aprovado";"";"";"";"";"";"";"";"";"Bom";"Bom";"";"";"";"";"";"";"";"";"";"";"";"";"";"";"";"";"";"";"";"";"";"";"";"";"";"";"";"";"";"";"";"";"";"";"";"";"";"";"";"";"";"";"";"";"";"";"";"";"";"";"";"Aprovado";"";"";"";"";"";"";"";"";"";"";"";"";"";"";"99.46";"SV 116 MG 497+370 N 1";"";"";"";"";"";"";"";"";"";"";"";"";"";"";"";"";"";"";"";"";"";"";"";"";"";"";"";"";"";"";"";"";"";"";"";"";"";"";"";"";"";"Regulamentação";"ACM";"1";"";"";"";"";"";"";"";"";"";"";"";"";"";"";"";"";""
"0030c97a-0f36-4cb0-8233-c53871bf1ee1";"https://app.kartado.com.br/#/SharedLink/Reporting/0030c97a-0f36-4cb0-8233-c53871bf1ee1/show?company=b9e4cd95-cb76-4dae-88e2-fd76c9a08110";"ERM-MONI-2025.139533";"BR-116/MG";"637.32";"637.3820000000001";"-20.639991184157765";"-42.23724038758318";"Monitoração de Sinalização Horizontal - Zebrados";"62";"";"";"Acostamento";"";"";"";"Sul";"Monitoração";"Executado";"Compartilhado com ANTT";"Luiza Franco Suporte";"";"Ecovias Rio Minas";"Ecovias Rio Minas";"";"2025-09-19T19:14";"2025-09-19T19:14";"2025-11-05T23:38";"2022-09-19T19:14";"descrição Marcas de canalização e sinalização ZPA e LCA";"";"0";"";"e8711f19-8ec0-4c58-9306-bc3ddc57298c";"";"Monitoração 0 (Inicial)";"";"";"";"";"";"";"";"";"";"";"";"";"";"";"";"";"";"";"";"";"";"";"";"";"";"";"";"";"";"";"";"";"";"";"";"";"";"";"";"";"";"";"";"";"";"86.6";"63.7";"REPROVADO";"REPROVADO";"Reprovado";"";"";"";"";"";"";"";"";"";"";"";"";"";"";"";"";"";"";"";"";"";"";"";"";"";"";"";"";"";"";"";"";"";"";"";"";"";"";"";"";"";"";"";"";"";"";"";"";"";"";"";"";"";"";"";"";"";"";"";"";"";"";"";"";"";"";"";"";"";"";"";"";"";"";"";"";"";"";"";"";"";"";"";"";"";"";"";"";"";"";"";"";"";"";"";"SH 116 MG 637+320 S 1";"";"";"";"";"";"";"";"";"";"";"";"";"";"";"";"";"";"";"";"";"";"";"";"";"";"";"";"";"";"";"";"";"";"";"";"";"";"";"";"";"";"";"";"";"";"";"";"";"";"";"";"";"";"";"";"";"";"";"";"";""
"0031170d-8ef1-48ed-8d4a-378bc58e3ec8";"https://app.kartado.com.br/#/SharedLink/Reporting/0031170d-8ef1-48ed-8d4a-378bc58e3ec8/show?company=b9e4cd95-cb76-4dae-88e2-fd76c9a08110";"ERM-MONI-2025.84389";"BR-116/RJ";"24.005";"24.005";"-22.029280976095965";"-42.77595048804799";"Monitoração de Sinalização Vertical";"";"0.5";"0.6";"Não se aplica";"";"";"";"Norte";"Monitoração";"Executado";"Compartilhado com ANTT";"Lucas Pereira Luiz";"";"Ecovias Rio Minas";"Ecovias Rio Minas";"";"2025-09-17T18:35";"2023-09-17T18:35";"2025-11-05T23:38";"2023-09-17T18:35";"Arquivo: SV - BR-116-RJ - NORTE | Descrição: M.A.";"";"0";"";"b5cb378f-f019-4471-811b-b2bcdb215dbf";"X";"Monitoração 1";"Amarela";"Aprovado";"";"";"";"";"";"";"";"";"";"";"";"";"";"";"";"";"";"";"";"";"";"";"";"";"";"";"";"";"";"";"";"";"";"";"";"";"";"";"";"";"";"";"";"";"";"";"";"";"";"";"";"";"";"";"";"";"";"";"";"";"";"";"0";"0";"0";"";"";"";"";"";"";"";"";"0.3";"Bom";"Bom";"";"";"";"";"";"";"";"";"";"";"";"";"";"";"";"";"";"";"";"";"";"";"";"";"";"";"";"";"";"";"";"";"";"";"";"";"";"";"";"";"";"";"";"";"";"";"";"";"";"";"";"Aprovado";"";"";"";"";"";"";"";"";"";"";"";"";"";"";"809.2";"SV 116 RJ 024+005 N 1";"";"";"";"";"";"";"";"";"";"";"";"";"";"";"";"";"";"";"";"";"";"";"";"";"";"";"";"";"";"";"";"";"";"";"";"";"";"";"";"";"";"Dispositivos Auxiliares";"ACM";"";"";"";"";"Madeira";"";"";"";"";"";"";"";"";"";"";"";"";""
"0031efae-ea79-453c-860d-134227eb4b6d";"https://app.kartado.com.br/#/SharedLink/Reporting/0031efae-ea79-453c-860d-134227eb4b6d/show?company=b9e4cd95-cb76-4dae-88e2-fd76c9a08110";"ERM-MONI-2025.93665";"BR-116/MG";"537.422";"537.422";"-19.874963080576716";"-42.13212722090291";"Monitoração de Drenagem Superficial";"";"";"";"Não se aplica";"";"";"";"Não se aplica";"Monitoração";"Executado";"Compartilhado com ANTT";"Luiza Franco Suporte";"";"Ecovias Rio Minas";"Ecovias Rio Minas";"";"2025-09-17T19:50";"2025-09-17T19:50";"2025-11-05T23:38";"2022-09-17T19:50";"KM ANTIGO 539+427";"";"0";"";"9aafe88e-7768-4c4c-877e-b80ccf8aedd5";"";"Monitoração 0 (Inicial)";"";"";"";"";"";"";"";"";"";"";"";"";"";"";"";"";"";"";"";"";"";"";"";"";"";"";"";"";"";"";"";"";"";"";"";"";"";"";"";"";"";"";"";"";"";"";"";"";"";"";"";"";"";"";"";"";"";"";"";"";"";"";"";"";"";"";"";"";"";"";"";"";"";"";"";"";"";"";"";"";"";"";"";"";"";"";"";"";"";"";"";"";"";"";"";"";"";"";"";"";"";"";"";"";"";"";"";"";"";"";"";"";"";"";"";"";"";"";"";"";"";"";"";"";"";"";"";"";"";"";"";"";"";"";"";"";"";"";"";"";"";"";"";"";"";"MF 116 MG 537+422";"";"";"";"";"";"";"";"";"";"";"";"";"";"";"";"";"";"";"";"";"";"";"";"";"";"";"";"";"";"";"";"";"";"Meio-fio";"";"";"";"";"";"";"";"";"";"";"";"";"";"";"";"";"";"";"";"";"";"";"";"";"";"";""
"00327713-7803-42d4-9c7f-2b7b8fc0f5da";"https://app.kartado.com.br/#/SharedLink/Reporting/00327713-7803-42d4-9c7f-2b7b8fc0f5da/show?company=b9e4cd95-cb76-4dae-88e2-fd76c9a08110";"ERM-MONI-2025.27783";"BR-116/MG";"461.018";"461.0157";"-19.24316";"-42.05706";"Monitoração de Drenagem Superficial";"2.3";"0.5";"0.2";"Não se aplica";"";"";"";"Norte";"Monitoração";"Executado";"Compartilhado com ANTT";"Luan Poletti";"";"Ecovias Rio Minas";"Ecovias Rio Minas";"";"2025-09-15T10:13";"2024-09-15T10:13";"2025-11-05T23:38";"2024-09-15T10:13";"";"";"0";"";"190b7a99-2231-49fc-b892-8ebb0c025857";"";"Monitoração 2";"";"";"";"";"";"";"";"";"";"";"";"";"";"";"";"";"";"";"";"";"";"";"";"";"";"";"";"";"";"";"";"";"";"";"";"";"";"";"";"";"";"";"";"";"";"";"";"";"";"";"";"";"";"";"";"";"";"";"";"";"";"";"";"";"";"";"";"";"";"";"";"";"";"";"";"";"";"";"";"";"";"";"";"";"";"";"";"";"";"";"";"";"";"";"";"";"";"";"";"";"";"true";"";"";"";"";"";"";"";"";"";"";"";"";"";"";"";"";"";"";"";"";"";"";"";"";"";"";"";"";"";"";"";"";"";"";"";"";"";"";"";"";"";"";"";"DA 116 MG 461+018 N 1";"";"";"";"";"";"";"";"";"";"";"";"";"";"";"";"";"";"";"";"";"";"";"";"";"";"";"";"";"";"";"";"";"";"Descida d'água";"";"";"";"";"";"";"";"";"";"";"";"";"";"";"";"";"";"";"";"";"";"";"";"";"";"";""
"0032f2d1-0391-492c-aa17-9be1c75ec6d5";"https://app.kartado.com.br/#/SharedLink/Reporting/0032f2d1-0391-492c-aa17-9be1c75ec6d5/show?company=b9e4cd95-cb76-4dae-88e2-fd76c9a08110";"ERM-MONI-2026.17016";"BR-116/MG";"434.87";"434.87";"-19.03836821";"-41.98865886";"Monitoração de Faixa de Domínio - Acessos";"";"";"";"Não se aplica";"";"";"";"Sul";"Monitoração";"Executado";"Criado";"Arthur Barros";"";"Ecovias Rio Minas";"Ecovias Rio Minas";"";"2026-07-02T20:28";"2026-07-02T20:23";"2026-07-02T20:36";"2024-07-01T00:00";"";"";"0";"";"14f778f8-7d2b-42f9-b6c6-9764674f36a2";"";"Monitoração 2";"";"";"";"";"";"";"";"";"";"";"";"";"";"";"";"";"";"";"";"";"";"";"";"";"";"";"";"";"";"";"";"";"";"";"";"";"";"";"";"";"";"";"";"";"";"";"";"";"";"";"";"";"";"";"";"";"";"";"";"";"";"";"";"";"";"";"";"";"";"";"";"";"";"";"";"";"";"";"Periódica";"";"";"";"";"";"";"";"";"Irregulares/não autorizados, necessitando de analise do projeto perante normas técnicas vigentes (DNIT, ABNT e ANTT)";"";"";"";"";"";"";"";"";"";"";"";"";"";"";"";"";"";"";"";"";"";"";"";"";"";"";"";"";"";"";"";"";"";"";"";"";"";"";"";"";"";"";"";"";"";"";"";"";"";"";"";"";"";"";"";"";"";"AC 116 MG 434+857 S 1";"";"";"";"";"";"";"";"";"";"";"";"";"";"";"";"";"Lavoura";"Não Pavimentado";"";"";"";"";"";"";"";"";"";"";"";"";"";"";"";"";"";"";"";"";"";"";"";"";"";"";"";"";"";"";"";"";"";"";"";"";"";"";"";"Não Identificado";"";"";""
"00331ed8-81f5-436a-ad84-f0a431e919bd";"https://app.kartado.com.br/#/SharedLink/Reporting/00331ed8-81f5-436a-ad84-f0a431e919bd/show?company=b9e4cd95-cb76-4dae-88e2-fd76c9a08110";"ERM-MONI-2025.72079";"BR-116/RJ";"90.205";"90.205";"-22.46073675";"-42.96210222";"Monitoração de Sinalização Vertical";"";"";"";"Não se aplica";"";"";"";"Sul";"Monitoração";"Executado";"Compartilhado com ANTT";"Luiza Franco Suporte";"";"Ecovias Rio Minas";"Ecovias Rio Minas";"";"2025-09-17T17:02";"2022-09-17T17:02";"2025-11-05T23:38";"2022-09-17T17:02";"";"";"0";"";"c1f68bf4-10ad-4634-ac73-3437eaf6d27d";"III";"Monitoração 0 (Inicial)";"Vermelha";"Aprovado";"";"";"";"";"";"";"";"";"";"";"";"";"";"";"";"";"";"";"";"";"";"";"";"";"";"";"";"";"";"";"";"";"";"";"";"";"";"";"";"";"";"";"";"";"";"";"";"";"";"";"";"";"";"";"";"";"";"";"";"";"";"";"475.4";"0";"0";"Aprovado";"";"";"";"";"";"";"";"";"Bom";"Bom";"";"";"";"";"";"";"";"";"";"";"";"";"";"";"";"";"";"";"";"";"";"";"";"";"";"";"";"";"";"";"";"";"";"";"";"";"";"";"";"";"";"";"";"";"";"";"";"";"";"";"";"Aprovado";"";"";"";"";"";"";"";"";"";"";"";"";"";"";"103.06";"SV 116 RJ 090+205 S 1";"";"";"";"";"";"";"";"";"";"";"";"";"";"";"";"";"";"";"";"";"";"";"";"";"";"";"";"";"";"";"";"";"";"";"";"";"";"";"";"";"";"";"Aço";"1";"";"";"0.785";"";"";"";"";"";"";"";"";"";"";"";"";"";""
"00331eef-3542-4d5d-8a01-3e43b44809e8";"https://app.kartado.com.br/#/SharedLink/Reporting/00331eef-3542-4d5d-8a01-3e43b44809e8/show?company=b9e4cd95-cb76-4dae-88e2-fd76c9a08110";"ERM-MONI-2025.17337";"BR-116/MG";"805";"805";"-21.80182209";"-42.7068699";"Monitoração de Sinalização Vertical";"";"0.6";"0.8";"Não se aplica";"";"";"";"Sul";"Monitoração";"Executado";"Compartilhado com ANTT";"Luan Poletti";"";"Ecovias Rio Minas";"Ecovias Rio Minas";"";"2025-09-13T21:12";"2024-09-13T21:12";"2025-11-05T23:38";"2024-09-13T21:12";"";"";"0";"";"6cb0027a-ec8a-4d84-b84b-a369d2d32230";"III";"Monitoração 2";"Branca";"Aprovado";"";"";"";"";"";"";"";"";"";"";"";"";"";"";"";"";"";"";"";"";"";"";"";"";"";"";"";"";"";"";"";"";"";"";"";"";"";"";"";"";"";"";"";"";"";"";"";"";"";"";"";"";"";"";"";"";"";"";"";"";"";"";"0";"0";"0";"";"";"";"";"";"";"";"";"";"Bom";"Bom";"";"";"";"";"";"";"";"";"";"";"";"";"";"";"";"";"";"";"";"";"";"";"";"";"";"";"";"";"";"";"";"";"";"";"";"";"";"";"";"";"";"";"";"";"";"";"";"";"";"";"";"Aprovado";"";"";"";"";"";"";"";"";"";"";"";"";"";"";"826.2";"SV 116 MG 805+000 S 1";"";"";"";"";"";"";"";"";"";"";"";"";"";"";"";"";"";"";"";"";"";"";"";"";"";"";"";"";"";"";"";"";"";"";"";"";"";"";"";"";"";"Apoio Operacional";"ACM";"";"";"";"";"";"";"";"";"";"";"";"";"";"";"";"";"";""
"00335e31-37c2-4782-a5cf-e25ed5e8747a";"https://app.kartado.com.br/#/SharedLink/Reporting/00335e31-37c2-4782-a5cf-e25ed5e8747a/show?company=b9e4cd95-cb76-4dae-88e2-fd76c9a08110";"ERM-MONI-2026.08844";"BR-465/RJ";"21.048";"21.048";"-22.85233978699995";"-43.60199274799993";"Monitoração de Faixa de Domínio - Acessos";"";"";"";"Não se aplica";"";"";"";"Oeste";"Monitoração";"Executado";"Criado";"Arthur Barros";"";"Ecovias Rio Minas";"Ecovias Rio Minas";"";"2026-07-02T20:28";"2026-07-02T20:24";"2026-07-02T20:32";"2022-11-01T00:00";"";"";"0";"";"6ccdcde5-3d12-40a3-b0db-a61012a2461c";"";"Monitoração 0 (Inicial)";"";"";"";"";"";"";"";"";"";"";"";"";"";"";"";"";"";"";"";"";"";"";"";"";"";"";"";"";"";"";"";"";"";"";"";"";"";"";"";"";"";"";"";"";"";"";"";"";"";"";"";"";"";"";"";"";"";"";"";"";"";"";"";"";"";"";"";"";"";"";"";"";"";"";"";"";"";"";"Periódica";"";"";"";"";"";"";"";"";"Irregulares/não autorizados, necessitando de analise do projeto perante normas técnicas vigentes (DNIT, ABNT e ANTT)";"";"";"";"";"";"";"";"";"";"";"";"";"";"";"";"";"";"";"";"";"";"";"";"";"";"";"";"";"";"";"";"";"";"";"";"";"";"";"";"";"";"";"";"";"";"";"";"";"";"";"";"";"";"";"";"";"";"AC 465 RJ 021+048 O 1";"";"";"";"";"";"";"";"";"";"";"";"";"";"";"";"";"Público";"Pavimentado";"";"";"";"";"";"";"";"";"";"";"";"";"";"";"";"";"";"";"";"";"";"";"";"";"";"";"";"";"";"";"";"";"";"";"";"";"";"";"";"PREFEITURA MUNICIPAL DE NOVA IGUACU";"";"";""
"0033cf51-7e2c-4ac7-89e3-337726324ece";"https://app.kartado.com.br/#/SharedLink/Reporting/0033cf51-7e2c-4ac7-89e3-337726324ece/show?company=b9e4cd95-cb76-4dae-88e2-fd76c9a08110";"ERM-MONI-2025.132614";"BR-116/RJ";"117";"117";"-22.5976825";"-43.0245276";"Monitoração de Pavimento Flexível";"";"";"";"Não se aplica";"";"";"";"Crescente";"Monitoração";"Executado";"Compartilhado com ANTT";"Vidal Valério";"";"Ecovias Rio Minas";"Ecovias Rio Minas";"";"2025-09-18T18:34";"2023-09-18T18:34";"2025-11-05T23:38";"2023-09-18T18:34";"Relatório Dc: RT_ECRM_FWD_BR-116 RJ | Relatório IRI: RT_ECRM_IRI_BR-116 RJ | Relatório trincamento: RT_ECRM_Condições de Superfície_BR-116 RJ | Relatório ATR: RT_ECRM_Condições de Superfície_BR-116 RJ | Relatório IGG: RT_ECRM_IGG_BR-116 RJ | Relatório VRD:  | Relatório HS:  | Relatório ICP: ";"";"0";"";"24703b88-6a36-41a5-a5c6-a02c4f625665";"";"Monitoração 1";"";"";"";"";"";"";"";"";"";"";"";"";"";"";"";"";"";"";"";"";"";"";"";"";"";"";"";"";"";"";"";"";"";"";"";"";"";"";"";"";"";"";"";"";"";"";"";"";"";"";"";"";"";"";"";"";"";"";"";"";"";"";"";"";"";"";"";"";"";"";"";"";"";"";"";"";"";"";"";"";"";"";"";"";"";"";"";"";"";"";"";"";"";"";"";"";"";"";"";"";"";"";"";"";"";"";"";"";"";"";"";"";"";"";"";"";"";"";"";"";"";"";"";"";"";"";"";"";"";"";"";"";"";"";"";"";"";"";"";"";"";"";"";"";"";"BR-116/RJ117CF2";"";"";"";"";"";"";"";"";"";"";"";"";"";"";"";"";"";"";"";"";"";"";"";"";"";"";"";"";"";"";"";"";"";"";"";"";"";"";"";"";"";"";"";"";"";"";"";"";"";"";"";"";"";"";"";"";"";"";"";"";""
"0034cb3d-180e-4c1c-837f-d4577f4ede3e";"https://app.kartado.com.br/#/SharedLink/Reporting/0034cb3d-180e-4c1c-837f-d4577f4ede3e/show?company=b9e4cd95-cb76-4dae-88e2-fd76c9a08110";"ERM-MONI-2025.76499";"BR-116/MG";"500.19";"500.19";"-19.565630835671815";"-42.1219035720747";"Monitoração de Sinalização Vertical";"";"";"";"Não se aplica";"";"";"";"Norte";"Monitoração";"Executado";"Compartilhado com ANTT";"Lucas Pereira Luiz";"";"Ecovias Rio Minas";"Ecovias Rio Minas";"";"2025-09-17T18:10";"2023-09-17T18:10";"2025-11-05T23:38";"2023-09-17T18:10";"Arquivo: SV - BR-116-MG - NORTE | Descrição: R-19";"";"0";"";"5867a9e4-beb4-48d0-88ff-dadd2ef32756";"III";"Monitoração 1";"Vermelha";"Aprovado";"";"";"";"";"";"";"";"";"";"";"";"";"";"";"";"";"";"";"";"";"";"";"";"";"";"";"";"";"";"";"";"";"";"";"";"";"";"";"";"";"";"";"";"";"";"";"";"";"";"";"";"";"";"";"";"";"";"";"";"";"";"";"694.8";"0";"0";"Aprovado";"";"";"";"";"";"";"";"0.79";"Bom";"Bom";"";"";"";"";"";"";"";"";"";"";"";"";"";"";"";"";"";"";"";"";"";"";"";"";"";"";"";"";"";"";"";"";"";"";"";"";"";"";"";"";"";"";"";"";"";"";"";"";"";"";"";"Aprovado";"";"";"";"";"";"";"";"";"";"";"";"";"";"";"116.6";"SV 116 MG 500+190 N 1";"";"";"";"";"";"";"";"";"";"";"";"";"";"";"";"";"";"";"";"";"";"";"";"";"";"";"";"";"";"";"";"";"";"";"";"";"";"";"";"";"";"Regulamentação";"Aço";"1";"";"";"";"Madeira";"";"";"";"";"";"";"";"";"";"";"";"";""
"0034cec7-da61-4882-9f31-23ae381161d2";"https://app.kartado.com.br/#/SharedLink/Reporting/0034cec7-da61-4882-9f31-23ae381161d2/show?company=b9e4cd95-cb76-4dae-88e2-fd76c9a08110";"ERM-MONI-2025.88531";"BR-493/RJ";"119.15";"119.15";"-22.87457883540638";"-43.820079300274735";"Monitoração de Sinalização Vertical";"";"";"";"Não se aplica";"";"";"";"Sul";"Monitoração";"Executado";"Compartilhado com ANTT";"Lucas Pereira Luiz";"";"Ecovias Rio Minas";"Ecovias Rio Minas";"";"2025-09-17T19:34";"2023-09-17T19:34";"2025-11-05T23:38";"2023-09-17T19:34";"Arquivo: SV - BR-493-RJ - SUL | Descrição: R-24a";"";"0";"";"b6241e85-fd44-4d09-b137-176992927047";"III";"Monitoração 1";"Vermelha";"Aprovado";"";"";"";"";"";"";"";"";"";"";"";"";"";"";"";"";"";"";"";"";"";"";"";"";"";"";"";"";"";"";"";"";"";"";"";"";"";"";"";"";"";"";"";"";"";"";"";"";"";"";"";"";"";"";"";"";"";"";"";"";"";"";"978.2";"0";"0";"Aprovado";"";"";"";"";"";"";"";"0.79";"Bom";"Bom";"";"";"";"";"";"";"";"";"";"";"";"";"";"";"";"";"";"";"";"";"";"";"";"";"";"";"";"";"";"";"";"";"";"";"";"";"";"";"";"";"";"";"";"";"";"";"";"";"";"";"";"Aprovado";"";"";"";"";"";"";"";"";"";"";"";"";"";"";"108.6";"SV 493 RJ 119+150 S 1";"";"";"";"";"";"";"";"";"";"";"";"";"";"";"";"";"";"";"";"";"";"";"";"";"";"";"";"";"";"";"";"";"";"";"";"";"";"";"";"";"";"Regulamentação";"ACM";"1";"";"";"";"Madeira";"";"";"";"";"";"";"";"";"";"";"";"";""
"00355d62-69ac-46a8-b488-fec432d576c9";"https://app.kartado.com.br/#/SharedLink/Reporting/00355d62-69ac-46a8-b488-fec432d576c9/show?company=b9e4cd95-cb76-4dae-88e2-fd76c9a08110";"ERM-MONI-2025.139252";"BR-116/MG";"705.374";"705.3820000000001";"-21.14550424656149";"-42.380172821905326";"Monitoração de Sinalização Horizontal - Marcas Viárias";"8";"0.4";"";"Dispositivo";"";"";"";"Sul";"Monitoração";"Executado";"Compartilhado com ANTT";"Luiza Franco Suporte";"";"Ecovias Rio Minas";"Ecovias Rio Minas";"";"2025-09-19T18:26";"2025-09-19T18:26";"2025-11-05T23:38";"2022-09-19T18:26";"Sinalização LRE";"";"0";"";"d13fe9c6-f94e-4eb9-950b-86856694dfea";"";"Monitoração 0 (Inicial)";"";"";"";"";"";"";"";"";"";"";"";"";"";"";"";"";"";"";"";"";"";"";"";"";"";"";"";"";"";"";"";"";"";"";"";"";"";"";"";"";"";"";"";"";"";"";"";"";"";"";"";"";"Reprovado";"Marca Viária";"";"";"";"";"";"";"";"";"";"";"";"";"";"";"";"";"37";"";"";"";"";"3.2";"";"";"";"";"";"";"";"";"";"";"";"";"";"";"";"";"";"";"";"";"";"";"";"";"";"";"";"";"";"";"";"";"";"";"";"";"";"";"";"";"";"";"";"";"";"";"";"";"";"";"";"";"";"";"";"";"";"";"";"";"";"";"";"";"";"";"";"";"";"SH 116 MG 705,374 S 1";"";"";"";"";"";"";"";"";"";"";"";"";"";"";"";"";"";"";"";"";"";"";"";"";"";"";"";"";"";"";"";"";"";"";"";"";"";"";"";"";"";"";"";"";"";"";"";"";"";"";"";"";"";"";"";"";"";"";"";"";""
"00360e18-92d0-4ddb-b4c3-c932127433bf";"https://app.kartado.com.br/#/SharedLink/Reporting/00360e18-92d0-4ddb-b4c3-c932127433bf/show?company=b9e4cd95-cb76-4dae-88e2-fd76c9a08110";"ERM-MONI-2025.01819";"BR-116/MG";"529.5";"529.572";"-19.81178508";"-42.13554717";"Monitoração de EPS - Defensas Metálicas";"72";"";"0.85";"Expressa";"";"";"";"Sul";"Monitoração";"Executado";"Compartilhado com ANTT";"Luan Poletti";"";"Ecovias Rio Minas";"Ecovias Rio Minas";"";"2025-09-06T17:52";"2024-09-06T17:52";"2025-11-05T23:38";"2024-09-06T17:52";"DEFENSA METÁLICA - BR-116-MG";"";"0";"";"f1f1743d-3f3d-456d-8d5e-2887d86dbbf0";"";"";"";"";"";"";"";"";"";"";"";"";"";"";"";"";"";"";"";"";"";"";"";"";"";"";"";"";"";"";"";"";"";"";"";"";"";"";"";"";"";"";"";"";"";"";"";"";"";"";"";"";"";"";"";"";"";"";"true";"";"";"1";"";"";"false";"";"";"";"";"";"";"";"";"";"";"";"";"";"";"";"";"";"";"";"";"";"";"";"";"";"";"";"";"";"";"";"";"";"";"";"";"";"";"";"";"";"";"";"";"";"";"";"";"";"";"";"";"";"";"";"";"";"";"";"";"1";"Não atendido";"";"";"";"";"";"";"";"";"";"";"";"";"";"";"";"";"";"";"";"";"DM 116 MG 529+500 S 1";"";"";"";"";"";"";"";"";"";"";"";"";"";"";"";"";"";"";"";"";"";"";"";"";"";"";"";"";"";"";"";"";"";"";"";"";"";"";"";"";"";"";"";"";"";"";"";"";"";"";"";"";"";"";"";"";"";"";"";"";""
"00362af6-a708-45a7-96b3-4d48f663ad24";"https://app.kartado.com.br/#/SharedLink/Reporting/00362af6-a708-45a7-96b3-4d48f663ad24/show?company=b9e4cd95-cb76-4dae-88e2-fd76c9a08110";"ERM-MONI-2025.41168";"BR-116/RJ";"133.927";"134.035";"-22.65357969";"-43.15075461";"Monitoração de EPS - Defensas Metálicas";"84";"";"0.76";"Não se aplica";"";"";"";"Sul";"Monitoração";"Executado";"Compartilhado com ANTT";"Luiza Franco Suporte";"";"Ecovias Rio Minas";"Ecovias Rio Minas";"";"2025-09-16T18:11";"2022-09-16T18:11";"2025-11-05T23:38";"2022-09-16T18:11";"";"";"0";"";"f14451b9-576e-43d4-9fd4-3d1c90be797c";"";"";"";"";"";"";"";"";"";"";"";"";"";"";"";"";"";"";"";"";"";"";"";"";"";"";"";"";"";"";"";"";"";"";"";"";"";"";"";"";"";"";"";"";"";"";"";"";"";"";"";"";"";"";"";"";"";"";"true";"";"";"";"false";"false";"";"false";"";"";"";"";"";"";"";"";"";"";"";"";"";"";"";"";"";"";"";"";"";"";"";"";"";"";"";"";"";"";"";"";"";"";"";"";"";"";"";"";"";"";"";"";"";"";"";"";"";"";"";"";"";"";"";"";"";"";"";"";"";"";"";"";"";"";"";"";"";"";"";"";"";"";"";"";"";"";"";"";"";"DM 116 RJ 133+927 S 1";"";"";"";"";"";"";"";"";"";"";"";"";"";"";"";"";"";"";"";"";"";"";"";"";"";"";"";"";"";"";"";"";"";"";"";"";"";"";"";"";"";"";"";"";"";"";"";"";"";"";"";"";"";"";"";"";"";"";"";"";""
"003673b8-3255-4f01-84a9-bd015af01008";"https://app.kartado.com.br/#/SharedLink/Reporting/003673b8-3255-4f01-84a9-bd015af01008/show?company=b9e4cd95-cb76-4dae-88e2-fd76c9a08110";"ERM-MONI-2025.60501";"BR-116/RJ";"38.341";"38.341";"-22.11689636";"-42.7816792";"Monitoração de Sinalização Vertical";"";"";"";"Não se aplica";"";"";"";"Sul";"Monitoração";"Executado";"Compartilhado com ANTT";"Luiza Franco Suporte";"";"Ecovias Rio Minas";"Ecovias Rio Minas";"";"2025-09-17T16:57";"2022-09-17T16:57";"2025-11-05T23:38";"2022-09-17T16:57";"";"";"0";"";"6a7e2541-05d8-4be1-8779-f0bd18c3b1d2";"III";"Monitoração 0 (Inicial)";"Vermelha";"Aprovado";"";"";"";"";"";"";"";"";"";"";"";"";"";"";"";"";"";"";"";"";"";"";"";"";"";"";"";"";"";"";"";"";"";"";"";"";"";"";"";"";"";"";"";"";"";"";"";"";"";"";"";"";"";"";"";"";"";"";"";"";"";"";"689.4";"0";"0";"Aprovado";"";"";"";"";"";"";"";"";"Bom";"Bom";"";"";"";"";"";"";"";"";"";"";"";"";"";"";"";"";"";"";"";"";"";"";"";"";"";"";"";"";"";"";"";"";"";"";"";"";"";"";"";"";"";"";"";"";"";"";"";"";"";"";"";"Aprovado";"";"";"";"";"";"";"";"";"";"";"";"";"";"";"115.4";"SV 116 RJ 038+341 S 1";"";"";"";"";"";"";"";"";"";"";"";"";"";"";"";"";"";"";"";"";"";"";"";"";"";"";"";"";"";"";"";"";"";"";"";"";"";"";"";"";"";"";"ACM";"1";"";"";"0.785";"";"";"";"";"";"";"";"";"";"";"";"";"";""
"0036d3a4-0d9b-493b-995d-26bc39170c6b";"https://app.kartado.com.br/#/SharedLink/Reporting/0036d3a4-0d9b-493b-995d-26bc39170c6b/show?company=b9e4cd95-cb76-4dae-88e2-fd76c9a08110";"ERM-MONI-2026.03993";"BR-116/MG";"535.88";"535.88";"-19.86145683";"-42.13411067";"Monitoração de Faixa de Domínio - Acessos";"";"";"";"Não se aplica";"";"";"";"Sul";"Monitoração";"Executado";"Criado";"Arthur Barros";"";"Ecovias Rio Minas";"Ecovias Rio Minas";"";"2026-07-02T20:28";"2026-07-02T20:24";"2026-07-02T20:30";"2023-07-01T00:00";"";"";"0";"";"a84f6d18-1022-46f8-9928-e524a9ac3fe9";"";"Monitoração 1";"";"";"";"";"";"";"";"";"";"";"";"";"";"";"";"";"";"";"";"";"";"";"";"";"";"";"";"";"";"";"";"";"";"";"";"";"";"";"";"";"";"";"";"";"";"";"";"";"";"";"";"";"";"";"";"";"";"";"";"";"";"";"";"";"";"";"";"";"";"";"";"";"";"";"";"";"";"";"Periódica";"";"";"";"";"";"";"";"";"Irregulares/não autorizados, necessitando de analise do projeto perante normas técnicas vigentes (DNIT, ABNT e ANTT)";"";"";"";"";"";"";"";"";"";"";"";"";"";"";"";"";"";"";"";"";"";"";"";"";"";"";"";"";"";"";"";"";"";"";"";"";"";"";"";"";"";"";"";"";"";"";"";"";"";"";"";"";"";"";"";"";"";"AC 116 MG 535+845 S 1";"";"";"";"";"";"";"";"";"";"";"";"";"";"";"";"";"Outros";"Não Pavimentado";"";"";"";"";"";"";"";"";"";"";"";"";"";"";"";"";"";"";"";"";"";"";"";"";"";"";"";"";"";"";"";"";"";"";"";"";"";"";"";"Não Identificado";"";"";""
"0036ec84-9526-47b0-8a2e-69b793ac6eed";"https://app.kartado.com.br/#/SharedLink/Reporting/0036ec84-9526-47b0-8a2e-69b793ac6eed/show?company=b9e4cd95-cb76-4dae-88e2-fd76c9a08110";"ERM-MONI-2025.78929";"BR-116/MG";"594.005";"594.005";"-20.29395358342248";"-42.14705743336898";"Monitoração de Sinalização Vertical";"";"1";"1.5";"Não se aplica";"";"";"";"Sul";"Monitoração";"Executado";"Compartilhado com ANTT";"Lucas Pereira Luiz";"";"Ecovias Rio Minas";"Ecovias Rio Minas";"";"2025-09-17T18:27";"2023-09-17T18:27";"2025-11-05T23:38";"2023-09-17T18:27";"Arquivo: SV - BR-116-MG - SUL | Descrição: A-18 Composta";"";"0";"";"ed190323-eac2-4bc1-89db-563867863d11";"I";"Monitoração 1";"Amarela";"Aprovado";"";"";"";"";"";"";"";"";"";"";"";"";"";"";"";"";"";"";"";"";"";"";"";"";"";"";"";"";"";"";"";"";"";"";"";"";"";"";"";"";"";"";"";"";"";"";"";"";"";"";"";"";"";"";"";"";"";"";"";"";"";"";"0";"0";"0";"";"";"";"";"";"";"";"";"1.5";"Bom";"Bom";"";"";"";"";"";"";"";"";"";"";"";"";"";"";"";"";"";"";"";"";"";"";"";"";"";"";"";"";"";"";"";"";"";"";"";"";"";"";"";"";"";"";"";"";"";"";"";"";"";"";"";"Aprovado";"";"";"";"";"";"";"";"";"";"";"";"";"";"";"47.02";"SV 116 MG 594+005 S 1";"";"";"";"";"";"";"";"";"";"";"";"";"";"";"";"";"";"";"";"";"";"";"";"";"";"";"";"";"";"";"";"";"";"";"";"";"";"";"";"";"";"Advertência";"Aço";"";"";"";"";"Madeira";"";"";"";"";"";"";"";"";"";"";"";"";""
"0036fc13-d0e0-46c8-a787-a14bf8c756f9";"https://app.kartado.com.br/#/SharedLink/Reporting/0036fc13-d0e0-46c8-a787-a14bf8c756f9/show?company=b9e4cd95-cb76-4dae-88e2-fd76c9a08110";"ERM-MONI-2025.21438";"BR-116/RJ";"44.87";"44.87";"-22.16082009";"-42.81001618";"Monitoração de Sinalização Vertical";"";"0.5";"0.6";"Não se aplica";"";"";"";"Sul";"Monitoração";"Executado";"Compartilhado com ANTT";"Luan Poletti";"";"Ecovias Rio Minas";"Ecovias Rio Minas";"";"2025-09-13T21:49";"2024-09-13T21:49";"2025-11-05T23:38";"2024-09-13T21:49";"";"";"0";"";"1cf3d791-d103-48df-9ebd-a5fc64ab816f";"III";"Monitoração 2";"Amarela";"Aprovado";"";"";"";"";"";"";"";"";"";"";"";"";"";"";"";"";"";"";"";"";"";"";"";"";"";"";"";"";"";"";"";"";"";"";"";"";"";"";"";"";"";"";"";"";"";"";"";"";"";"";"";"";"";"";"";"";"";"";"";"";"";"";"0";"0";"0";"";"";"";"";"";"";"";"";"";"Bom";"Bom";"";"";"";"";"";"";"";"";"";"";"";"";"";"";"";"";"";"";"";"";"";"";"";"";"";"";"";"";"";"";"";"";"";"";"";"";"";"";"";"";"";"";"";"";"";"";"";"";"";"";"";"Aprovado";"";"";"";"";"";"";"";"";"";"";"";"";"";"";"630.6";"SV 116 RJ 044+870 S 1";"";"";"";"";"";"";"";"";"";"";"";"";"";"";"";"";"";"";"";"";"";"";"";"";"";"";"";"";"";"";"";"";"";"";"";"";"";"";"";"";"";"Dispositivos Auxiliares";"Aço";"";"";"";"";"";"";"";"";"";"";"";"";"";"";"";"";"";""
"00372369-e0ca-4b42-9d0e-677a3cdc6f70";"https://app.kartado.com.br/#/SharedLink/Reporting/00372369-e0ca-4b42-9d0e-677a3cdc6f70/show?company=b9e4cd95-cb76-4dae-88e2-fd76c9a08110";"ERM-MONI-2025.55538";"BR-116/MG";"456.653";"456.653";"-19.2074594";"-42.0516939";"Monitoração de Sinalização Vertical";"";"2";"0.75";"Não se aplica";"";"";"";"Sul";"Monitoração";"Executado";"Compartilhado com ANTT";"Luiza Franco Suporte";"";"Ecovias Rio Minas";"Ecovias Rio Minas";"";"2025-09-17T16:52";"2022-09-17T16:52";"2025-11-05T23:38";"2022-09-17T16:52";"";"";"0";"";"518e01e2-1dd7-4cf9-88a6-484bc2727c73";"I";"Monitoração 0 (Inicial)";"Verde";"Aprovado";"";"";"";"";"";"";"";"";"";"";"";"";"";"";"";"";"";"";"";"";"";"";"";"";"";"";"";"";"";"";"";"";"";"";"";"";"";"";"";"";"";"";"";"";"";"";"";"";"";"";"";"";"";"";"";"";"";"";"";"";"";"";"776.2";"0";"0";"Aprovado";"";"";"";"";"";"";"";"";"Bom";"Ruim";"";"";"";"";"";"";"";"";"";"";"";"";"";"";"";"";"";"";"";"";"";"";"";"";"";"";"";"";"";"";"";"";"";"";"";"";"";"";"";"";"";"";"";"";"";"";"";"";"";"";"";"Aprovado";"";"";"";"";"";"";"";"";"";"";"";"";"";"";"18.06";"SV 116 MG 456+653 S 1";"";"";"";"";"";"";"";"";"";"";"";"";"";"";"";"";"";"";"";"";"";"";"";"";"";"";"";"";"";"";"";"";"";"";"";"";"";"";"";"";"";"";"Aço";"";"";"0.75";"0";"";"";"";"";"";"";"";"";"";"";"";"";"";""
"00379766-59fd-40be-9c1a-d5325a4f8250";"https://app.kartado.com.br/#/SharedLink/Reporting/00379766-59fd-40be-9c1a-d5325a4f8250/show?company=b9e4cd95-cb76-4dae-88e2-fd76c9a08110";"ERM-MONI-2025.40721";"BR-116/RJ-(DUTRA)";"197.122";"197.079";"-22.73002651";"-43.56575898";"Monitoração de EPS - Defensas Metálicas";"44";"";"0.7";"Não se aplica";"";"";"";"Norte";"Monitoração";"Executado";"Compartilhado com ANTT";"Lucas Pereira Luiz";"";"Ecovias Rio Minas";"Ecovias Rio Minas";"";"2025-09-16T17:25";"2024-09-16T17:25";"2026-01-12T11:54";"2023-09-16T17:25";"";"";"0";"";"a84349b2-4f27-4d28-b1ad-c7b216435ec3";"";"";"";"";"";"";"";"";"";"";"";"";"";"";"";"";"";"";"";"";"";"";"";"";"";"";"";"";"";"";"";"";"";"";"";"";"";"";"";"";"";"";"";"";"";"";"";"";"";"";"";"";"";"";"";"";"";"";"";"";"";"";"false";"false";"";"false";"";"";"";"";"";"";"";"";"";"";"";"";"";"";"";"";"";"";"";"";"";"";"";"";"";"";"";"";"";"";"";"";"";"";"";"";"";"";"";"";"";"";"";"";"";"";"";"";"";"";"";"";"";"";"";"";"";"";"";"";"";"";"";"";"";"";"";"";"";"";"";"";"";"";"";"";"";"";"";"";"";"DM 116 RJ 197+122 N 1";"";"";"";"";"";"";"";"";"";"";"";"";"";"";"";"";"";"";"";"";"";"";"";"";"";"";"";"";"";"";"";"";"";"";"";"";"";"";"";"";"";"";"";"";"";"";"";"";"";"";"";"";"";"";"";"";"";"";"";"";""
"0038c961-057f-4cf2-8247-aa4d512de376";"https://app.kartado.com.br/#/SharedLink/Reporting/0038c961-057f-4cf2-8247-aa4d512de376/show?company=b9e4cd95-cb76-4dae-88e2-fd76c9a08110";"ERM-MONI-2025.75325";"BR-116/MG";"782.72";"782.72";"-21.63557088227462";"-42.69691804548527";"Monitoração de Sinalização Vertical";"";"0.5";"0.6";"Não se aplica";"";"";"";"Norte";"Monitoração";"Executado";"Compartilhado com ANTT";"Lucas Pereira Luiz";"";"Ecovias Rio Minas";"Ecovias Rio Minas";"";"2025-09-17T18:09";"2023-09-17T18:09";"2025-11-05T23:38";"2023-09-17T18:09";"Arquivo: SV - BR-116-MG - NORTE | Descrição: M.A.";"";"0";"";"3cbefc52-47ae-4a76-a22a-b91c98d24ec0";"X";"Monitoração 1";"Amarela";"Aprovado";"";"";"";"";"";"";"";"";"";"";"";"";"";"";"";"";"";"";"";"";"";"";"";"";"";"";"";"";"";"";"";"";"";"";"";"";"";"";"";"";"";"";"";"";"";"";"";"";"";"";"";"";"";"";"";"";"";"";"";"";"";"";"0";"0";"0";"";"";"";"";"";"";"";"";"0.3";"Bom";"Bom";"";"";"";"";"";"";"";"";"";"";"";"";"";"";"";"";"";"";"";"";"";"";"";"";"";"";"";"";"";"";"";"";"";"";"";"";"";"";"";"";"";"";"";"";"";"";"";"";"";"";"";"Aprovado";"";"";"";"";"";"";"";"";"";"";"";"";"";"";"892.6";"SV 116 MG 782+720 N 1";"";"";"";"";"";"";"";"";"";"";"";"";"";"";"";"";"";"";"";"";"";"";"";"";"";"";"";"";"";"";"";"";"";"";"";"";"";"";"";"";"";"Dispositivos Auxiliares";"ACM";"";"";"";"";"Madeira";"";"";"";"";"";"";"";"";"";"";"";"";""
"00396f8a-2d8c-4d92-8e55-c581a0932b1b";"https://app.kartado.com.br/#/SharedLink/Reporting/00396f8a-2d8c-4d92-8e55-c581a0932b1b/show?company=b9e4cd95-cb76-4dae-88e2-fd76c9a08110";"ERM-MONI-2025.116451";"BR-493/RJ";"104.314";"104.314";"-22.7792";"-43.7482";"Monitoração de Drenagem Superficial";"17.08";"0.4";"0.2";"Não se aplica";"";"";"";"Norte";"Monitoração";"Executado";"Compartilhado com ANTT";"Luiza Franco Suporte";"";"Ecovias Rio Minas";"Ecovias Rio Minas";"";"2025-09-18T17:33";"2022-09-18T17:33";"2025-11-05T23:38";"2022-09-18T17:33";"KM ANTIGO 104+450";"";"0";"";"0b7e3759-6f0b-40ca-a155-fa78130246f1";"";"Monitoração 0 (Inicial)";"";"";"";"";"";"";"";"";"";"";"";"";"";"";"";"";"";"";"";"";"";"";"";"";"";"";"";"";"";"";"";"";"";"";"";"";"";"";"";"";"";"";"";"";"";"";"";"";"";"";"";"";"";"";"";"";"";"";"";"";"";"";"";"";"";"";"";"";"";"";"";"";"";"";"";"";"";"";"";"";"";"";"";"";"";"";"";"";"";"";"";"";"";"";"";"";"";"";"";"";"";"";"";"";"";"";"";"";"";"";"";"";"";"";"";"";"";"";"";"";"";"";"";"";"";"";"";"";"";"";"";"";"";"";"";"";"";"";"";"";"";"";"";"";"";"CA BR 493 RJ 104+314 N5";"";"";"";"";"";"";"";"";"";"";"";"";"";"";"";"";"";"";"";"";"";"";"";"";"";"";"";"";"";"";"";"";"";"Canaleta";"";"";"";"";"";"";"";"";"";"";"";"";"";"";"";"";"";"";"";"";"";"";"";"";"";"";""
"0039a90a-5978-4ede-8a7e-cc07e53a0aa7";"https://app.kartado.com.br/#/SharedLink/Reporting/0039a90a-5978-4ede-8a7e-cc07e53a0aa7/show?company=b9e4cd95-cb76-4dae-88e2-fd76c9a08110";"ERM-MONI-2025.116245";"BR-493/RJ";"76.69";"76.79";"-22.6701";"-43.5499";"Monitoração de Drenagem Superficial";"99.63";"0.8";"0.2";"Não se aplica";"";"";"";"Norte";"Monitoração";"Executado";"Compartilhado com ANTT";"Luiza Franco Suporte";"";"Ecovias Rio Minas";"Ecovias Rio Minas";"";"2025-09-18T17:32";"2022-09-18T17:32";"2025-11-05T23:38";"2022-09-18T17:32";"KM ANTIGO 77+000";"";"0";"";"19fb4a22-e170-4e68-a27d-ed3e1df2da90";"";"Monitoração 0 (Inicial)";"";"";"";"";"";"";"";"";"";"";"";"";"";"";"";"";"";"";"";"";"";"";"";"";"";"";"";"";"";"";"";"";"";"";"";"";"";"";"";"";"";"";"";"";"";"";"";"";"";"";"";"";"";"";"";"";"";"";"";"";"";"";"";"";"";"";"";"";"";"";"";"";"";"";"";"";"";"";"";"";"";"";"";"";"";"";"";"";"";"";"";"";"";"";"";"";"";"";"";"";"";"";"";"";"";"";"";"";"";"";"";"";"";"";"";"";"";"";"";"";"";"";"";"";"";"";"";"";"";"";"";"";"";"";"";"";"";"";"";"";"";"";"";"";"";"CA BR 493 RJ 076+690 N";"";"";"";"";"";"";"";"";"";"";"";"";"";"";"";"";"";"";"";"";"";"";"";"";"";"";"";"";"";"";"";"";"";"Canaleta";"";"";"";"";"";"";"";"";"";"";"";"";"";"";"";"";"";"";"";"";"";"";"";"";"";"";""
"0039b2a6-1630-432d-a9b1-971516bef0a5";"https://app.kartado.com.br/#/SharedLink/Reporting/0039b2a6-1630-432d-a9b1-971516bef0a5/show?company=b9e4cd95-cb76-4dae-88e2-fd76c9a08110";"ERM-MONI-2025.133959";"BR-116/RJ";"147";"147";"-22.66885776";"-43.27030552";"Monitoração de Pavimento Flexível";"";"";"";"Não se aplica";"";"";"";"Crescente";"Monitoração";"Executado";"Compartilhado com ANTT";"Vidal Valério";"";"Ecovias Rio Minas";"Ecovias Rio Minas";"";"2025-09-19T08:43";"2022-09-19T08:43";"2025-11-05T23:38";"2022-09-19T08:43";"Relatório Dc: RT_ECRM_FWD_BR-116 RJ_R01 | Relatório IRI: RT_ECRM_IRI_BR-116 RJ | Relatório trincamento: RT_ECRM_Condições de Superfície_BR-116 RJ | Relatório ATR: RT_ECRM_Condições de Superfície_BR-116 RJ | Relatório IGG: RT_ECRM_IGG_BR-116 RJ";"";"0";"";"7d6bbdf6-b7d6-407f-902d-d7d46ef43f00";"";"Monitoração 0 (Inicial)";"";"";"";"";"";"";"";"";"";"";"";"";"";"";"";"";"";"";"";"";"";"";"";"";"";"";"";"";"";"";"";"";"";"";"";"";"";"";"";"";"";"";"";"";"";"";"";"";"";"";"";"";"";"";"";"";"";"";"";"";"";"";"";"";"";"";"";"";"";"";"";"";"";"";"";"";"";"";"";"";"";"";"";"";"";"";"";"";"";"";"";"";"";"";"";"";"";"";"";"";"";"";"";"";"";"";"";"";"";"";"";"";"";"";"";"";"";"";"";"";"";"";"";"";"";"";"";"";"";"";"";"";"";"";"";"";"";"";"";"";"";"";"";"";"";"BR-116/RJ147CF2";"";"";"";"";"";"";"";"";"";"";"";"";"";"";"";"";"";"";"";"";"";"";"";"";"";"";"";"";"";"";"";"";"";"";"";"";"";"";"";"";"";"";"";"";"";"";"";"";"";"";"";"";"";"";"";"";"";"";"";"";""
"003b2b22-411a-4726-8dbe-6288f5e968e3";"https://app.kartado.com.br/#/SharedLink/Reporting/003b2b22-411a-4726-8dbe-6288f5e968e3/show?company=b9e4cd95-cb76-4dae-88e2-fd76c9a08110";"ERM-MONI-2025.73157";"BR-116/MG";"525.641";"525.641";"-19.77756594";"-42.13376285";"Monitoração de Sinalização Vertical";"";"0.8";"1";"Não se aplica";"";"";"";"Norte";"Monitoração";"Executado";"Compartilhado com ANTT";"Luiza Franco Suporte";"";"Ecovias Rio Minas";"Ecovias Rio Minas";"";"2025-09-17T17:03";"2022-09-17T17:03";"2025-11-05T23:38";"2022-09-17T17:03";"";"";"0";"";"72e3a9ad-7ac8-43f1-baa0-e8f5120ad87c";"I";"Monitoração 0 (Inicial)";"Amarela";"Reprovado";"";"";"";"";"";"";"";"";"";"";"";"";"";"";"";"";"";"";"";"";"";"";"";"";"";"";"";"";"";"";"";"";"";"";"";"";"";"";"";"";"";"";"";"";"";"";"";"";"";"";"";"";"";"";"";"";"";"";"";"";"";"";"0";"0";"0";"";"";"";"";"";"";"";"";"";"Bom";"Bom";"";"";"";"";"";"";"";"";"";"";"";"";"";"";"";"";"";"";"";"";"";"";"";"";"";"";"";"";"";"";"";"";"";"";"";"";"";"";"";"";"";"";"";"";"";"";"";"";"";"";"";"Reprovado";"";"";"";"";"";"";"";"";"";"";"";"";"";"";"4.86";"SV 116 MG 525+641 N 1";"";"";"";"";"";"";"";"";"";"";"";"";"";"";"";"";"";"";"";"";"";"";"";"";"";"";"";"";"";"";"";"";"";"";"";"";"";"";"";"";"";"";"ACM";"";"";"0.4";"0";"";"";"";"";"";"";"";"";"";"";"";"";"";""
"003b5344-0422-4f15-9887-1c7222f1d92d";"https://app.kartado.com.br/#/SharedLink/Reporting/003b5344-0422-4f15-9887-1c7222f1d92d/show?company=b9e4cd95-cb76-4dae-88e2-fd76c9a08110";"ERM-MONI-2025.62322";"BR-116/MG";"623.43";"623.43";"-20.535580982407414";"-42.202716701742915";"Monitoração de Sinalização Vertical";"";"0.5";"0.6";"Não se aplica";"";"";"";"Sul";"Monitoração";"Executado";"Compartilhado com ANTT";"Luiza Franco Suporte";"";"Ecovias Rio Minas";"Ecovias Rio Minas";"";"2025-09-17T16:58";"2022-09-17T16:58";"2025-11-05T23:39";"2022-09-17T16:58";"";"";"0";"";"6f8ab57d-7169-4283-a935-a002699ed040";"III";"Monitoração 0 (Inicial)";"Amarela";"Aprovado";"";"";"";"";"";"";"";"";"";"";"";"";"";"";"";"";"";"";"";"";"";"";"";"";"";"";"";"";"";"";"";"";"";"";"";"";"";"";"";"";"";"";"";"";"";"";"";"";"";"";"";"";"";"";"";"";"";"";"";"";"";"";"0";"0";"0";"";"";"";"";"";"";"";"";"";"Bom";"Bom";"";"";"";"";"";"";"";"";"";"";"";"";"";"";"";"";"";"";"";"";"";"";"";"";"";"";"";"";"";"";"";"";"";"";"";"";"";"";"";"";"";"";"";"";"";"";"";"";"";"";"";"Aprovado";"";"";"";"";"";"";"";"";"";"";"";"";"";"";"356.6";"SV 116 MG 623+430 S 1";"";"";"";"";"";"";"";"";"";"";"";"";"";"";"";"";"";"";"";"";"";"";"";"";"";"";"";"";"";"";"";"";"";"";"";"";"";"";"";"";"";"";"Aço";"";"";"0.15";"0";"";"";"";"";"";"";"";"";"";"";"";"";"";""
"003c1bbe-b8f6-4b29-b247-00e45e6f0d2b";"https://app.kartado.com.br/#/SharedLink/Reporting/003c1bbe-b8f6-4b29-b247-00e45e6f0d2b/show?company=b9e4cd95-cb76-4dae-88e2-fd76c9a08110";"ERM-MONI-2025.29326";"BR-116/MG";"411.93";"411.899";"-18.873424179299587";"-41.96699492823001";"Monitoração de Drenagem Superficial";"31";"0.3";"0.2";"Não se aplica";"";"";"";"Sul";"Monitoração";"Executado";"Compartilhado com ANTT";"Luan Poletti";"";"Ecovias Rio Minas";"Ecovias Rio Minas";"";"2025-09-15T10:13";"2024-09-15T10:13";"2025-11-05T23:39";"2024-09-15T10:13";"";"";"0";"";"597b85c3-509b-48c1-be01-490b560a6376";"";"Monitoração 2";"";"";"";"";"";"";"";"";"";"";"";"";"";"";"";"";"";"";"";"";"";"";"";"";"";"";"";"";"";"";"";"";"";"";"";"";"";"";"";"";"";"";"";"";"";"";"";"";"";"";"";"";"";"";"";"";"";"";"";"";"";"";"";"";"";"";"";"";"";"";"";"";"";"";"";"";"";"";"";"";"";"";"";"";"";"";"";"";"";"";"";"";"";"";"";"";"";"";"";"";"";"";"";"";"";"";"";"";"";"";"";"";"";"";"";"";"";"";"";"";"";"";"";"";"";"";"";"";"";"";"";"";"";"";"";"";"";"";"";"";"";"";"";"";"";"MF 116 MG 411+930 S 1";"";"";"";"";"";"";"";"";"";"";"";"";"";"";"";"";"";"";"";"";"";"";"";"";"";"";"";"";"";"";"";"";"";"Meio-fio";"";"";"";"";"";"";"";"";"";"";"";"";"";"";"";"";"";"";"";"";"";"";"";"";"";"";""
"003c2f0d-6ab4-4e54-b22f-bfa6b9eed7a1";"https://app.kartado.com.br/#/SharedLink/Reporting/003c2f0d-6ab4-4e54-b22f-bfa6b9eed7a1/show?company=b9e4cd95-cb76-4dae-88e2-fd76c9a08110";"ERM-MONI-2026.11093";"BR-116/MG";"709.68";"709.68";"-21.17602437599993";"-42.37207831899997";"Monitoração de Faixa de Domínio - Acessos";"";"";"";"Não se aplica";"";"";"";"Sul";"Monitoração";"Executado";"Criado";"Arthur Barros";"";"Ecovias Rio Minas";"Ecovias Rio Minas";"";"2026-07-02T20:28";"2026-07-02T20:24";"2026-07-02T20:33";"2022-11-01T00:00";"";"";"0";"";"fbc24da7-fc6c-4ffc-8aca-a7840a480861";"";"Monitoração 0 (Inicial)";"";"";"";"";"";"";"";"";"";"";"";"";"";"";"";"";"";"";"";"";"";"";"";"";"";"";"";"";"";"";"";"";"";"";"";"";"";"";"";"";"";"";"";"";"";"";"";"";"";"";"";"";"";"";"";"";"";"";"";"";"";"";"";"";"";"";"";"";"";"";"";"";"";"";"";"";"";"";"Periódica";"";"";"";"";"";"";"";"";"Irregulares/não autorizados, necessitando de analise do projeto perante normas técnicas vigentes (DNIT, ABNT e ANTT)";"";"";"";"";"";"";"";"";"";"";"";"";"";"";"";"";"";"";"";"";"";"";"";"";"";"";"";"";"";"";"";"";"";"";"";"";"";"";"";"";"";"";"";"";"";"";"";"";"";"";"";"";"";"";"";"";"";"AC 116 MG 711+870 S 1";"";"";"";"";"";"";"";"";"";"";"";"";"";"";"";"";"Público";"Não Pavimentado";"";"";"";"";"";"";"";"";"";"";"";"";"";"";"";"";"";"";"";"";"";"";"";"";"";"";"";"";"";"";"";"";"";"";"";"";"";"";"";"PREFEITURA MUNICIPAL DE MURIAE";"";"";""
"003cab4d-8b92-4f4c-86d4-7aaf4303b132";"https://app.kartado.com.br/#/SharedLink/Reporting/003cab4d-8b92-4f4c-86d4-7aaf4303b132/show?company=b9e4cd95-cb76-4dae-88e2-fd76c9a08110";"ERM-MONI-2025.106556";"BR-116/RJ";"101.02";"101.02";"-22.48933353";"-43.00659991";"Monitoração de Sinalização Horizontal - Marcas Viárias";"5";"6";"";"Não se aplica";"";"";"";"Norte/Sul";"Monitoração";"Executado";"Compartilhado com ANTT";"Lucas Pereira Luiz";"";"Ecovias Rio Minas";"Ecovias Rio Minas";"";"2025-09-18T14:53";"2025-09-18T14:53";"2025-11-05T23:39";"2023-09-18T14:53";"Sinalização: LEG";"";"0";"";"7c12bc70-ee4f-427f-b523-3aca34559bc4";"";"Monitoração 1";"";"";"";"";"";"";"";"";"";"";"";"";"";"";"";"";"";"";"";"";"";"";"";"";"";"";"";"";"";"";"";"";"";"";"";"";"";"";"";"";"";"";"";"";"";"";"";"";"";"";"";"";"Aprovado";"";"";"";"";"";"";"";"";"";"";"";"";"";"";"";"";"";"133.111111111111";"";"";"";"";"30";"";"";"";"";"";"";"";"";"";"";"";"";"";"";"";"";"";"";"";"";"";"";"";"";"";"";"";"";"";"";"";"";"";"";"";"";"";"";"";"";"";"";"";"";"";"";"";"";"";"";"";"";"";"";"";"";"";"";"";"";"";"";"";"";"";"";"";"";"";"SH 116 RJ 101+020 N 1";"";"";"";"";"";"";"";"";"";"";"";"";"";"";"";"";"";"";"";"";"";"";"";"";"";"";"";"";"";"";"";"";"";"";"";"";"";"";"";"";"";"";"";"";"";"";"";"";"";"";"26";"";"";"";"";"";"";"";"";"";""
"003d1526-03c4-442a-8e78-4a72e633a59d";"https://app.kartado.com.br/#/SharedLink/Reporting/003d1526-03c4-442a-8e78-4a72e633a59d/show?company=b9e4cd95-cb76-4dae-88e2-fd76c9a08110";"ERM-MONI-2025.21840";"BR-493/RJ";"115.84";"115.84";"-22.847977";"-43.8116794";"Monitoração de Sinalização Vertical";"";"0.28";"0.48";"Não se aplica";"";"";"";"Sul";"Monitoração";"Executado";"Compartilhado com ANTT";"Luan Poletti";"";"Ecovias Rio Minas";"Ecovias Rio Minas";"";"2025-09-13T22:01";"2024-09-13T22:01";"2025-11-05T23:39";"2024-09-13T22:01";"";"";"0";"";"41701371-32a6-41ca-85aa-004156c25864";"X";"Monitoração 2";"Amarela";"Aprovado";"";"";"";"";"";"";"";"";"";"";"";"";"";"";"";"";"";"";"";"";"";"";"";"";"";"";"";"";"";"";"";"";"";"";"";"";"";"";"";"";"";"";"";"";"";"";"";"";"";"";"";"";"";"";"";"";"";"";"";"";"";"";"0";"0";"0";"";"";"";"";"";"";"";"";"";"Bom";"Bom";"";"";"";"";"";"";"";"";"";"";"";"";"";"";"";"";"";"";"";"";"";"";"";"";"";"";"";"";"";"";"";"";"";"";"";"";"";"";"";"";"";"";"";"";"";"";"";"";"";"";"";"Aprovado";"";"";"";"";"";"";"";"";"";"";"";"";"";"";"513.6";"SV 493 RJ 115+840 S 1";"";"";"";"";"";"";"";"";"";"";"";"";"";"";"";"";"";"";"";"";"";"";"";"";"";"";"";"";"";"";"";"";"";"";"";"";"";"";"";"";"";"Dispositivos Auxiliares";"Aço";"";"";"";"";"";"";"";"";"";"";"";"";"";"";"";"";"";""
"003d4d0d-c81a-470b-8ae7-55b6ca20c662";"https://app.kartado.com.br/#/SharedLink/Reporting/003d4d0d-c81a-470b-8ae7-55b6ca20c662/show?company=b9e4cd95-cb76-4dae-88e2-fd76c9a08110";"ERM-MONI-2025.138654";"BR-116/MG";"477.49";"477.487";"-19.37550647";"-42.10703383";"Monitoração de Sinalização Horizontal - Marcas Viárias";"3";"0.4";"";"Pista";"";"";"";"Norte";"Monitoração";"Executado";"Compartilhado com ANTT";"Luiza Franco Suporte";"";"Ecovias Rio Minas";"Ecovias Rio Minas";"";"2025-09-19T18:26";"2025-09-19T18:26";"2025-11-05T23:39";"2022-09-19T18:26";"Sinalização LRE";"";"0";"";"1b2a4cd8-4db8-48bd-92c9-c1abf8b829ca";"";"Monitoração 0 (Inicial)";"";"";"";"";"";"";"";"";"";"";"";"";"";"";"";"";"";"";"";"";"";"";"";"";"";"";"";"";"";"";"";"";"";"";"";"";"";"";"";"";"";"";"";"";"";"";"";"";"";"";"";"";"Reprovado";"Marca Viária";"";"";"";"";"";"";"";"";"";"";"";"";"";"";"";"";"64.67";"";"";"";"";"1.2";"";"";"";"";"";"";"";"";"";"";"";"";"";"";"";"";"";"";"";"";"";"";"";"";"";"";"";"";"";"";"";"";"";"";"";"";"";"";"";"";"";"";"";"";"";"";"";"";"";"";"";"";"";"";"";"";"";"";"";"";"";"";"";"";"";"";"";"";"";"SH 116 MG 477,49 N 1";"";"";"";"";"";"";"";"";"";"";"";"";"";"";"";"";"";"";"";"";"";"";"";"";"";"";"";"";"";"";"";"";"";"";"";"";"";"";"";"";"";"";"";"";"";"";"";"";"";"";"";"";"";"";"";"";"";"";"";"";""
"003d9960-53b2-4981-8810-967362b21b30";"https://app.kartado.com.br/#/SharedLink/Reporting/003d9960-53b2-4981-8810-967362b21b30/show?company=b9e4cd95-cb76-4dae-88e2-fd76c9a08110";"ERM-MONI-2025.95646";"BR-116/RJ-(DUTRA)";"170.45";"170.45";"-22.81141591";"-43.33297232";"Monitoração de Sinalização Vertical";"";"1";"0.5";"Não se aplica";"";"";"";"Sul";"Monitoração";"Executado";"Compartilhado com ANTT";"Lucas Pereira Luiz";"";"Ecovias Rio Minas";"Ecovias Rio Minas";"";"2025-09-17T20:12";"2024-09-17T20:12";"2025-11-05T23:39";"2023-09-17T20:12";"Código ou tipo: ADVERTÊNCIA";"";"0";"";"aa9192f7-e3cf-4745-918c-ba83579c98c6";"III";"Monitoração 1";"Amarela";"Aprovado";"";"";"";"";"";"";"";"";"";"";"";"";"";"";"";"";"";"";"";"";"";"";"";"";"";"";"";"";"";"";"";"";"";"";"";"";"";"";"";"";"";"";"";"";"";"";"";"";"";"";"";"";"";"";"";"";"";"";"";"";"";"";"0";"0";"0";"";"";"";"";"";"";"";"";"0.79";"Bom";"Bom";"";"";"";"";"";"";"";"";"";"";"";"";"";"";"";"";"";"";"";"";"";"";"";"";"";"";"";"";"";"";"";"";"";"";"";"";"";"";"";"";"";"";"";"";"";"";"";"";"";"";"";"Aprovado";"";"";"";"";"";"";"";"";"";"";"";"";"";"";"730.2";"SV 116 RJ 170+450 S 1";"";"";"";"";"";"";"";"";"";"";"";"";"";"";"";"";"";"";"";"";"";"";"";"";"";"";"";"";"";"";"";"";"";"";"";"";"";"";"";"";"";"";"ACM";"";"";"0.25";"0";"";"";"";"";"";"";"";"";"";"";"";"";"";""
"003ddf7d-7c60-422c-b4c4-309024daf79f";"https://app.kartado.com.br/#/SharedLink/Reporting/003ddf7d-7c60-422c-b4c4-309024daf79f/show?company=b9e4cd95-cb76-4dae-88e2-fd76c9a08110";"ERM-MONI-2025.33551";"BR-493/RJ";"67.64";"66.39";"-22.68211229044847";"-43.462749020471826";"Monitoração de Drenagem Superficial";"1250";"0.2";"1.19";"Não se aplica";"";"";"";"Norte";"Monitoração";"Executado";"Compartilhado com ANTT";"Luan Poletti";"";"Ecovias Rio Minas";"Ecovias Rio Minas";"";"2025-09-15T11:26";"2024-09-15T11:26";"2025-11-05T23:39";"2024-09-15T11:26";"";"";"0";"";"d47a00cf-5d7c-4ef8-bc41-13629e5ffc98";"";"Monitoração 2";"";"";"";"";"";"";"";"";"";"";"";"";"";"";"";"";"";"";"";"";"";"";"";"";"";"";"";"";"";"";"";"";"";"";"";"";"";"";"";"";"";"";"";"";"";"";"";"";"";"";"";"";"";"";"";"";"";"";"";"";"";"";"";"";"";"";"";"";"";"";"";"";"";"";"";"";"";"";"";"";"";"";"";"";"";"";"";"";"";"";"";"";"";"";"";"";"";"";"";"";"";"";"";"";"";"";"";"";"";"";"";"";"";"";"";"";"";"";"";"";"";"";"";"";"";"";"";"";"";"";"";"";"";"";"";"";"";"";"";"";"";"";"";"";"";"SJ 493 RJ 067+640 N 1";"";"";"";"";"";"";"";"";"";"";"";"";"";"";"";"";"";"";"";"";"";"";"";"";"";"";"";"";"";"";"";"";"";"Sarjeta";"";"";"";"";"";"";"";"";"";"";"";"";"";"";"";"";"";"";"";"";"";"";"";"";"";"";""
"003efe06-fd4e-412b-9e9a-863cdb31e2da";"https://app.kartado.com.br/#/SharedLink/Reporting/003efe06-fd4e-412b-9e9a-863cdb31e2da/show?company=b9e4cd95-cb76-4dae-88e2-fd76c9a08110";"ERM-MONI-2025.82459";"BR-116/MG";"706.97";"706.97";"-21.15850431302036";"-42.383108562326555";"Monitoração de Sinalização Vertical";"";"";"";"Não se aplica";"";"";"";"Sul";"Monitoração";"Executado";"Compartilhado com ANTT";"Lucas Pereira Luiz";"";"Ecovias Rio Minas";"Ecovias Rio Minas";"";"2025-09-17T18:29";"2023-09-17T18:29";"2025-11-05T23:39";"2023-09-17T18:29";"Arquivo: SV - BR-116-MG - SUL | Descrição: R-24a";"";"0";"";"7b897e5f-cb49-4a6a-9b74-aba8ccb2e09c";"III";"Monitoração 1";"Vermelha";"Aprovado";"";"";"";"";"";"";"";"";"";"";"";"";"";"";"";"";"";"";"";"";"";"";"";"";"";"";"";"";"";"";"";"";"";"";"";"";"";"";"";"";"";"";"";"";"";"";"";"";"";"";"";"";"";"";"";"";"";"";"";"";"";"";"681.4";"0";"0";"Aprovado";"";"";"";"";"";"";"";"0.79";"Bom";"Bom";"";"";"";"";"";"";"";"";"";"";"";"";"";"";"";"";"";"";"";"";"";"";"";"";"";"";"";"";"";"";"";"";"";"";"";"";"";"";"";"";"";"";"";"";"";"";"";"";"";"";"";"Aprovado";"";"";"";"";"";"";"";"";"";"";"";"";"";"";"106.2";"SV 116 MG 706+970 S 2";"";"";"";"";"";"";"";"";"";"";"";"";"";"";"";"";"";"";"";"";"";"";"";"";"";"";"";"";"";"";"";"";"";"";"";"";"";"";"";"";"";"Regulamentação";"ACM";"1";"";"";"";"Madeira";"";"";"";"";"";"";"";"";"";"";"";"";""
"003f095b-08fa-4a16-9c2c-29651e9c14ed";"https://app.kartado.com.br/#/SharedLink/Reporting/003f095b-08fa-4a16-9c2c-29651e9c14ed/show?company=b9e4cd95-cb76-4dae-88e2-fd76c9a08110";"ERM-MONI-2025.122272";"BR-116/RJ";"91.1";"91.1";"-22.4593";"-42.9668";"Monitoração de Drenagem Superficial";"1.59";"0.5";"0.2";"Não se aplica";"";"";"";"Norte";"Monitoração";"Executado";"Compartilhado com ANTT";"Luiza Franco Suporte";"";"Ecovias Rio Minas";"Ecovias Rio Minas";"";"2025-09-18T17:34";"2022-09-18T17:34";"2025-11-05T23:39";"2022-09-18T17:34";"KM ANTIGO 87+750";"";"0";"";"98389cce-17ee-422e-9b9a-a707a328a9cc";"";"Monitoração 0 (Inicial)";"";"";"";"";"";"";"";"";"";"";"";"";"";"";"";"";"";"";"";"";"";"";"";"";"";"";"";"";"";"";"";"";"";"";"";"";"";"";"";"";"";"";"";"";"";"";"";"";"";"";"";"";"";"";"";"";"";"";"";"";"";"";"";"";"";"";"";"";"";"";"";"";"";"";"";"";"";"";"";"";"";"";"";"";"";"";"";"";"";"";"";"";"";"";"";"";"";"";"";"";"";"";"";"";"";"";"";"";"";"";"";"";"";"";"";"";"";"";"";"";"";"";"";"";"";"";"";"";"";"";"";"";"";"";"";"";"";"";"";"";"";"";"";"";"";"CA BR 116 RJ 091+100 N";"";"";"";"";"";"";"";"";"";"";"";"";"";"";"";"";"";"";"";"";"";"";"";"";"";"";"";"";"";"";"";"";"";"Canaleta";"";"";"";"";"";"";"";"";"";"";"";"";"";"";"";"";"";"";"";"";"";"";"";"";"";"";""
"003f9314-d1b8-4101-9097-65223040b552";"https://app.kartado.com.br/#/SharedLink/Reporting/003f9314-d1b8-4101-9097-65223040b552/show?company=b9e4cd95-cb76-4dae-88e2-fd76c9a08110";"ERM-MONI-2025.60242";"BR-116/MG";"444.098";"444.098";"-19.10628388";"-42.00120185";"Monitoração de Sinalização Vertical";"";"1.5";"0.75";"Não se aplica";"";"";"";"Norte";"Monitoração";"Executado";"Compartilhado com ANTT";"Luiza Franco Suporte";"";"Ecovias Rio Minas";"Ecovias Rio Minas";"";"2025-09-17T16:57";"2022-09-17T16:57";"2025-11-05T23:39";"2022-09-17T16:57";"";"";"0";"";"ccfc905a-37b0-48cf-a69f-4346106de09f";"I";"Monitoração 0 (Inicial)";"Verde";"Aprovado";"";"";"";"";"";"";"";"";"";"";"";"";"";"";"";"";"";"";"";"";"";"";"";"";"";"";"";"";"";"";"";"";"";"";"";"";"";"";"";"";"";"";"";"";"";"";"";"";"";"";"";"";"";"";"";"";"";"";"";"";"";"";"726";"0";"0";"Aprovado";"";"";"";"";"";"";"";"";"Bom";"Bom";"";"";"";"";"";"";"";"";"";"";"";"";"";"";"";"";"";"";"";"";"";"";"";"";"";"";"";"";"";"";"";"";"";"";"";"";"";"";"";"";"";"";"";"";"";"";"";"";"";"";"";"Aprovado";"";"";"";"";"";"";"";"";"";"";"";"";"";"";"13.74";"SV 116 MG 444+098 N 1";"";"";"";"";"";"";"";"";"";"";"";"";"";"";"";"";"";"";"";"";"";"";"";"";"";"";"";"";"";"";"";"";"";"";"";"";"";"";"";"";"";"";"Aço";"";"";"0.5625";"0";"";"";"";"";"";"";"";"";"";"";"";"";"";""
"003fc5af-fbc0-4653-bd42-4ecd4e23bc1f";"https://app.kartado.com.br/#/SharedLink/Reporting/003fc5af-fbc0-4653-bd42-4ecd4e23bc1f/show?company=b9e4cd95-cb76-4dae-88e2-fd76c9a08110";"ERM-MONI-2025.86504";"BR-116/RJ";"44.89";"44.89";"-22.161077189631072";"-42.8101240654835";"Monitoração de Sinalização Vertical";"";"2";"1";"Não se aplica";"";"";"";"Sul";"Monitoração";"Executado";"Compartilhado com ANTT";"Lucas Pereira Luiz";"";"Ecovias Rio Minas";"Ecovias Rio Minas";"";"2025-09-17T18:36";"2023-09-17T18:36";"2025-11-05T23:39";"2023-09-17T18:36";"Arquivo: SV - BR-116-RJ - SUL | Descrição: II-3";"";"0";"";"69c35634-6e63-4162-855c-01e1305bb0d4";"I";"Monitoração 1";"Azul";"Aprovado";"";"";"";"";"";"";"";"";"";"";"";"";"";"";"";"";"";"";"";"";"";"";"";"";"";"";"";"";"";"";"";"";"";"";"";"";"";"";"";"";"";"";"";"";"";"";"";"";"";"";"";"";"";"";"";"";"";"";"";"";"";"";"446";"0";"0";"Aprovado";"";"";"";"";"";"";"";"2";"Bom";"Bom";"";"";"";"";"";"";"";"";"";"";"";"";"";"";"";"";"";"";"";"";"";"";"";"";"";"";"";"";"";"";"";"";"";"";"";"";"";"";"";"";"";"";"";"";"";"";"";"";"";"";"";"Aprovado";"";"";"";"";"";"";"";"";"";"";"";"";"";"";"61.4";"SV 116 RJ 044+890 S 2";"";"";"";"";"";"";"";"";"";"";"";"";"";"";"";"";"";"";"";"";"";"";"";"";"";"";"";"";"";"";"";"";"";"";"";"";"";"";"";"";"";"Identificação";"ACM";"";"";"";"";"Madeira";"";"";"";"";"";"";"";"";"";"";"";"";""
"0040f7e5-a07c-4cf5-9100-0d8c1ae0a66c";"https://app.kartado.com.br/#/SharedLink/Reporting/0040f7e5-a07c-4cf5-9100-0d8c1ae0a66c/show?company=b9e4cd95-cb76-4dae-88e2-fd76c9a08110";"ERM-MONI-2026.17232";"BR-493/RJ";"113.888";"113.888";"-22.83077157999998";"-43.80799103899994";"Monitoração de Faixa de Domínio - Acessos";"";"";"";"Não se aplica";"";"";"";"Leste";"Monitoração";"Executado";"Criado";"Arthur Barros";"";"Ecovias Rio Minas";"Ecovias Rio Minas";"";"2026-07-02T20:28";"2026-07-02T20:24";"2026-07-02T20:36";"2022-11-01T00:00";"";"";"0";"";"595b1a30-2158-41dc-a7e4-1e406a80a440";"";"Monitoração 0 (Inicial)";"";"";"";"";"";"";"";"";"";"";"";"";"";"";"";"";"";"";"";"";"";"";"";"";"";"";"";"";"";"";"";"";"";"";"";"";"";"";"";"";"";"";"";"";"";"";"";"";"";"";"";"";"";"";"";"";"";"";"";"";"";"";"";"";"";"";"";"";"";"";"";"";"";"";"";"";"";"";"Periódica";"";"";"";"";"";"";"";"";"Irregulares/não autorizados, necessitando de analise do projeto perante normas técnicas vigentes (DNIT, ABNT e ANTT)";"";"";"";"";"";"";"";"";"";"";"";"";"";"";"";"";"";"";"";"";"";"";"";"";"";"";"";"";"";"";"";"";"";"";"";"";"";"";"";"";"";"";"";"";"";"";"";"";"";"";"";"";"";"";"";"";"";"AC 493 RJ 113+888 L 1";"";"";"";"";"";"";"";"";"";"";"";"";"";"";"";"";"Lavoura";"Não Pavimentado";"";"";"";"";"";"";"";"";"";"";"";"";"";"";"";"";"";"";"";"";"";"";"";"";"";"";"";"";"";"";"";"";"";"";"";"";"";"";"";"NÃO IDENTIFICADO";"";"";""
"00410bde-9f96-4c8e-b9e7-6cd910963e15";"https://app.kartado.com.br/#/SharedLink/Reporting/00410bde-9f96-4c8e-b9e7-6cd910963e15/show?company=b9e4cd95-cb76-4dae-88e2-fd76c9a08110";"ERM-MONI-2025.08617";"BR-116/MG";"526.98";"527";"-19.78861014";"-42.13619173";"Monitoração de Sinalização Horizontal - Zebrados";"20";"";"";"Acostamento";"";"";"";"Sul";"Monitoração";"Executado";"Compartilhado com ANTT";"Luan Poletti";"";"Ecovias Rio Minas";"Ecovias Rio Minas";"";"2025-09-12T18:41";"2024-09-12T18:41";"2025-11-05T23:39";"2024-09-12T18:41";"";"";"0";"";"900dad78-8b21-4a4a-86e5-2f00d609f582";"";"Monitoração 2";"";"";"";"";"";"";"";"";"";"";"";"";"";"";"";"";"";"";"";"";"";"";"";"";"";"";"";"";"";"";"";"";"";"";"";"";"";"";"";"";"";"";"";"";"";"214.6";"0";"APROVADO";"APROVADO";"REPROVADO";"";"";"";"";"";"";"";"";"";"";"";"";"";"";"";"";"";"";"";"";"";"";"";"";"";"";"";"";"";"";"";"";"";"";"";"";"";"";"";"";"";"";"";"";"";"";"";"";"";"";"";"";"";"";"";"";"";"";"";"";"";"";"";"";"";"";"";"";"";"";"";"";"";"";"";"";"";"";"";"";"";"";"";"";"";"";"";"";"";"";"";"";"";"";"";"SH 116 MG 526+980 S 1";"";"";"";"";"";"";"";"";"";"";"";"";"";"";"";"";"";"";"";"";"";"";"";"";"";"";"";"";"";"";"";"";"";"";"";"";"";"";"";"";"";"";"";"";"";"";"";"";"2";"";"";"";"";"";"";"";"";"";"";"";""
"00410bf4-af8e-4891-89c4-1f82d900683c";"https://app.kartado.com.br/#/SharedLink/Reporting/00410bf4-af8e-4891-89c4-1f82d900683c/show?company=b9e4cd95-cb76-4dae-88e2-fd76c9a08110";"ERM-MONI-2025.48277";"BR-116/RJ-(DUTRA)";"196.814";"196.77";"-22.73009";"-43.56279";"Monitoração de Terraplenos e Estruturas de Contenção";"44";"";"6.3";"Não se aplica";"";"";"";"Norte";"Monitoração";"Executado";"Compartilhado com ANTT";"Arthur Barros";"";"Ecovias Rio Minas";"Ecovias Rio Minas";"";"2025-09-16T22:59";"2025-09-16T22:59";"2025-11-05T23:39";"2024-09-16T22:59";"";"";"0";"";"f0bcf39d-7552-470e-9761-263f77517de2";"";"Monitoração 2";"";"";"";"";"";"";"";"";"";"";"";"";"";"";"";"";"";"";"";"";"";"";"";"";"";"";"";"";"";"";"";"";"";"";"";"";"";"";"";"";"";"";"";"";"";"";"";"";"";"";"";"";"";"";"";"";"";"";"";"";"";"";"";"";"";"";"";"";"";"";"";"";"";"";"";"";"";"";"Periódica";"";"";"";"";"";"";"";"";"";"";"";"";"";"";"";"";"";"Insuficiente";"";"";"R1 - Risco baixo";"false";"";"";"";"";"";"";"";"";"";"";"";"";"";"";"";"";"";"";"";"";"";"";"";"";"";"";"";"";"";"";"";"";"";"";"";"";"";"";"";"";"";"";"";"";"TP BR 116 RJ 196+814 N";"";"";"";"";"";"";"";"";"";"";"";"";"";"";"";"";"";"";"";"";"";"";"";"";"";"";"Rasteira";"60";"Corte";"Suave";"";"Inexistente";"";"";"";"";"";"";"";"";"";"";"";"";"";"";"";"";"";"";"";"";"";"";"";"";"";"";"";"";""
"00411634-2671-450f-bc9c-5510e059d57f";"https://app.kartado.com.br/#/SharedLink/Reporting/00411634-2671-450f-bc9c-5510e059d57f/show?company=b9e4cd95-cb76-4dae-88e2-fd76c9a08110";"ERM-MONI-2026.05674";"BR-116/MG";"622.94";"622.94";"-20.53103727";"-42.20177361";"Monitoração de Faixa de Domínio - Acessos";"";"";"";"Não se aplica";"";"";"";"Sul";"Monitoração";"Executado";"Criado";"Arthur Barros";"";"Ecovias Rio Minas";"Ecovias Rio Minas";"";"2026-07-02T20:28";"2026-07-02T20:24";"2026-07-02T20:31";"2025-08-15T00:00";"";"";"0";"";"433aceae-b423-4f31-8a88-d456f16e090e";"";"Monitoração 3";"";"";"";"";"";"";"";"";"";"";"";"";"";"";"";"";"";"";"";"";"";"";"";"";"";"";"";"";"";"";"";"";"";"";"";"";"";"";"";"";"";"";"";"";"";"";"";"";"";"";"";"";"";"";"";"";"";"";"";"";"";"";"";"";"";"";"";"";"";"";"";"";"";"";"";"";"";"";"Periódica";"";"";"";"";"";"";"";"";"Irregulares/não autorizados, necessitando de analise do projeto perante normas técnicas vigentes (DNIT, ABNT e ANTT)";"";"";"";"";"";"";"";"";"";"";"";"";"";"";"";"";"";"";"";"";"";"";"";"";"";"";"";"";"";"";"";"";"";"";"";"";"";"";"";"";"";"";"";"";"";"";"";"";"";"";"";"";"";"";"";"";"";"AC 116 MG 622+940 S 1";"";"";"";"";"";"";"";"";"";"";"";"";"";"";"";"";"Comercial";"Pavimentado";"";"";"";"";"";"";"";"";"";"";"";"";"";"";"";"";"";"";"";"";"";"";"";"";"";"";"";"";"";"";"";"";"";"";"";"";"";"";"";"Auto Posto Brasil 2000";"";"";""
"00421080-dc71-486f-a71d-d0414d9ee344";"https://app.kartado.com.br/#/SharedLink/Reporting/00421080-dc71-486f-a71d-d0414d9ee344/show?company=b9e4cd95-cb76-4dae-88e2-fd76c9a08110";"ERM-MONI-2026.02548";"BR-116/MG";"410.21";"410.21";"-18.8601936";"-41.9743603";"Monitoração de Faixa de Domínio - Acessos";"";"";"";"Não se aplica";"";"";"";"Norte";"Monitoração";"Executado";"Criado";"Arthur Barros";"";"Ecovias Rio Minas";"Ecovias Rio Minas";"";"2026-07-02T20:28";"2026-07-02T20:23";"2026-07-02T20:29";"2025-07-16T00:00";"";"";"0";"";"3ddf2da9-f2a6-4b62-88dc-9aaa3f553ddd";"";"Monitoração 3";"";"";"";"";"";"";"";"";"";"";"";"";"";"";"";"";"";"";"";"";"";"";"";"";"";"";"";"";"";"";"";"";"";"";"";"";"";"";"";"";"";"";"";"";"";"";"";"";"";"";"";"";"";"";"";"";"";"";"";"";"";"";"";"";"";"";"";"";"";"";"";"";"";"";"";"";"";"";"Periódica";"";"";"";"";"";"";"";"";"Irregulares/não autorizados, necessitando de analise do projeto perante normas técnicas vigentes (DNIT, ABNT e ANTT)";"";"";"";"";"";"";"";"";"";"";"";"";"";"";"";"";"";"";"";"";"";"";"";"";"";"";"";"";"";"";"";"";"";"";"";"";"";"";"";"";"";"";"";"";"";"";"";"";"";"";"";"";"";"";"";"";"";"AC 116 MG 410+210 N 1";"";"";"";"";"";"";"";"";"";"";"";"";"";"";"";"";"Comercial";"Pavimentado";"";"";"";"";"";"";"";"";"";"";"";"";"";"";"";"";"";"";"";"";"";"";"";"";"";"";"";"";"";"";"";"";"";"";"";"";"";"";"";"João Vitor Da Silva";"";"";""
"00427c06-f5f2-477b-a15e-be4f1286fdf7";"https://app.kartado.com.br/#/SharedLink/Reporting/00427c06-f5f2-477b-a15e-be4f1286fdf7/show?company=b9e4cd95-cb76-4dae-88e2-fd76c9a08110";"ERM-MONI-2025.124107";"BR-493/RJ";"112.99";"112.99";"-22.8276";"-43.808";"Monitoração de Drenagem Superficial";"4";"0.4";"0.2";"Não se aplica";"";"";"";"Sul";"Monitoração";"Executado";"Compartilhado com ANTT";"Luiza Franco Suporte";"";"Ecovias Rio Minas";"Ecovias Rio Minas";"";"2025-09-18T17:35";"2022-09-18T17:35";"2025-11-05T23:39";"2022-09-18T17:35";"KM ANTIGO 113+050";"";"0";"";"b6e80d4f-2a95-4085-afe1-4c9c2713e7fd";"";"Monitoração 0 (Inicial)";"";"";"";"";"";"";"";"";"";"";"";"";"";"";"";"";"";"";"";"";"";"";"";"";"";"";"";"";"";"";"";"";"";"";"";"";"";"";"";"";"";"";"";"";"";"";"";"";"";"";"";"";"";"";"";"";"";"";"";"";"";"";"";"";"";"";"";"";"";"";"";"";"";"";"";"";"";"";"";"";"";"";"";"";"";"";"";"";"";"";"";"";"";"";"";"";"";"";"";"";"";"";"";"";"";"";"";"";"";"";"";"";"";"";"";"";"";"";"";"";"";"";"";"";"";"";"";"";"";"";"";"";"";"";"";"";"";"";"";"";"";"";"";"";"";"DA BR 493 RJ 112+990 S";"";"";"";"";"";"";"";"";"";"";"";"";"";"";"";"";"";"";"";"";"";"";"";"";"";"";"";"";"";"";"";"";"";"Descida d'água";"";"";"";"";"";"";"";"";"";"";"";"";"";"";"";"";"";"";"";"";"";"";"";"";"";"";""
"0042b8c4-3f3a-471b-824c-cbeca00e3b4c";"https://app.kartado.com.br/#/SharedLink/Reporting/0042b8c4-3f3a-471b-824c-cbeca00e3b4c/show?company=b9e4cd95-cb76-4dae-88e2-fd76c9a08110";"ERM-MONI-2025.32239";"BR-493/RJ";"87.263";"87.27900000000001";"-22.6655891";"-43.6366625";"Monitoração de Drenagem Superficial";"16";"0.5";"0.2";"Não se aplica";"";"";"";"Sul";"Monitoração";"Executado";"Compartilhado com ANTT";"Luan Poletti";"";"Ecovias Rio Minas";"Ecovias Rio Minas";"";"2025-09-15T11:25";"2024-09-15T11:25";"2025-11-05T23:39";"2024-09-15T11:25";"";"";"0";"";"a68a2e80-c1a9-4669-a271-c0beafc89b65";"";"Monitoração 2";"";"";"";"";"";"";"";"";"";"";"";"";"";"";"";"";"";"";"";"";"";"";"";"";"";"";"";"";"";"";"";"";"";"";"";"";"";"";"";"";"";"";"";"";"";"";"";"";"";"";"";"";"";"";"";"";"";"";"";"";"";"";"";"";"";"";"";"";"";"";"";"";"";"";"";"";"";"";"";"";"";"";"";"";"";"";"";"";"";"";"";"";"";"";"";"";"";"";"";"";"";"";"";"";"";"";"";"";"";"";"";"";"";"";"";"";"";"";"";"";"";"";"";"";"";"";"";"";"";"";"";"";"";"";"";"";"";"";"";"";"";"";"";"";"";"DA 493 RJ 087+263 S 1";"";"";"";"";"";"";"";"";"";"";"";"";"";"";"";"";"";"";"";"";"";"";"";"";"";"";"";"";"";"";"";"";"";"Descida d'água";"";"";"";"";"";"";"";"";"";"";"";"";"";"";"";"";"";"";"";"";"";"";"";"";"";"";""
"0042dbcb-62a8-49d2-88e6-2c4d50c40a3d";"https://app.kartado.com.br/#/SharedLink/Reporting/0042dbcb-62a8-49d2-88e6-2c4d50c40a3d/show?company=b9e4cd95-cb76-4dae-88e2-fd76c9a08110";"ERM-MONI-2025.03992";"BR-116/RJ-(DUTRA)";"179.55";"179.551";"-22.76956486";"-43.40890793";"Monitoração de EPS - Defensas Metálicas";"4";"";"0.75";"Marginal Norte";"";"";"";"Norte";"Monitoração";"Executado";"Compartilhado com ANTT";"Luan Poletti";"";"Ecovias Rio Minas";"Ecovias Rio Minas";"";"2025-09-06T18:04";"2024-09-06T18:04";"2025-11-05T23:39";"2024-09-06T18:04";"DEFENSA METÁLICA - BR-116-RJ-(DUTRA)";"";"0";"";"71f143d3-7d7f-4fcb-8ad2-c70efe56a588";"";"";"";"";"";"";"";"";"";"";"";"";"";"";"";"";"";"";"";"";"";"";"";"";"";"";"";"";"";"";"";"";"";"";"";"";"";"";"";"";"";"";"";"";"";"";"";"";"";"";"";"";"";"";"";"";"";"";"false";"";"";"";"";"";"false";"true";"";"";"";"";"";"";"";"";"";"";"";"";"";"";"";"";"";"";"";"";"";"";"";"";"";"";"";"";"";"";"";"";"";"";"";"";"";"";"";"";"";"";"";"";"";"";"";"";"";"";"";"";"";"";"";"";"";"";"";"1";"Atendido";"";"";"";"";"";"";"";"";"";"";"";"";"";"";"";"";"";"";"";"";"DM 116 RJ 179+550 N 1";"";"";"";"";"";"";"";"";"";"";"";"";"";"";"";"";"";"";"";"";"";"";"";"";"";"";"";"";"";"";"";"";"";"";"";"";"";"";"";"";"";"";"";"";"";"";"";"";"";"";"";"";"";"";"";"";"";"";"";"";""
"0043ab27-f1ff-4dd9-8e8f-ee6a4df164fc";"https://app.kartado.com.br/#/SharedLink/Reporting/0043ab27-f1ff-4dd9-8e8f-ee6a4df164fc/show?company=b9e4cd95-cb76-4dae-88e2-fd76c9a08110";"ERM-MONI-2025.79896";"BR-116/MG";"679.54";"679.54";"-20.940499400576112";"-42.34370048366943";"Monitoração de Sinalização Vertical";"";"";"";"Não se aplica";"";"";"";"Sul";"Monitoração";"Executado";"Compartilhado com ANTT";"Lucas Pereira Luiz";"";"Ecovias Rio Minas";"Ecovias Rio Minas";"";"2025-09-17T18:28";"2023-09-17T18:28";"2025-11-05T23:39";"2023-09-17T18:28";"Arquivo: SV - BR-116-MG - SUL | Descrição: R-19";"";"0";"";"141e55d6-eb28-401a-947a-72d5d9665281";"III";"Monitoração 1";"Vermelha";"Aprovado";"";"";"";"";"";"";"";"";"";"";"";"";"";"";"";"";"";"";"";"";"";"";"";"";"";"";"";"";"";"";"";"";"";"";"";"";"";"";"";"";"";"";"";"";"";"";"";"";"";"";"";"";"";"";"";"";"";"";"";"";"";"";"960";"0";"0";"Aprovado";"";"";"";"";"";"";"";"0.79";"Bom";"Bom";"";"";"";"";"";"";"";"";"";"";"";"";"";"";"";"";"";"";"";"";"";"";"";"";"";"";"";"";"";"";"";"";"";"";"";"";"";"";"";"";"";"";"";"";"";"";"";"";"";"";"";"Aprovado";"";"";"";"";"";"";"";"";"";"";"";"";"";"";"186.2";"SV 116 MG 679+540 S 1";"";"";"";"";"";"";"";"";"";"";"";"";"";"";"";"";"";"";"";"";"";"";"";"";"";"";"";"";"";"";"";"";"";"";"";"";"";"";"";"";"";"Regulamentação";"ACM";"1";"";"";"";"Madeira";"";"";"";"";"";"";"";"";"";"";"";"";""
"0043b206-d04b-4fcd-adb0-85e8b7b1e113";"https://app.kartado.com.br/#/SharedLink/Reporting/0043b206-d04b-4fcd-adb0-85e8b7b1e113/show?company=b9e4cd95-cb76-4dae-88e2-fd76c9a08110";"ERM-MONI-2025.67850";"BR-116/MG";"594.246";"594.246";"-20.295992215838538";"-42.14708693185966";"Monitoração de Sinalização Vertical";"";"2";"1";"Não se aplica";"";"";"";"Sul";"Monitoração";"Executado";"Compartilhado com ANTT";"Luiza Franco Suporte";"";"Ecovias Rio Minas";"Ecovias Rio Minas";"";"2025-09-17T17:00";"2022-09-17T17:00";"2025-11-05T23:39";"2022-09-17T17:00";"";"";"0";"";"9684677d-dc9a-41e3-a170-045896d2d626";"I";"Monitoração 0 (Inicial)";"Amarela";"Aprovado";"";"";"";"";"";"";"";"";"";"";"";"";"";"";"";"";"";"";"";"";"";"";"";"";"";"";"";"";"";"";"";"";"";"";"";"";"";"";"";"";"";"";"";"";"";"";"";"";"";"";"";"";"";"";"";"";"";"";"";"";"";"";"0";"0";"0";"";"";"";"";"";"";"";"";"";"Bom";"Bom";"";"";"";"";"";"";"";"";"";"";"";"";"";"";"";"";"";"";"";"";"";"";"";"";"";"";"";"";"";"";"";"";"";"";"";"";"";"";"";"";"";"";"";"";"";"";"";"";"";"";"";"Aprovado";"";"";"";"";"";"";"";"";"";"";"";"";"";"";"82.48";"SV 116 MG 594+246 S 1";"";"";"";"";"";"";"";"";"";"";"";"";"";"";"";"";"";"";"";"";"";"";"";"";"";"";"";"";"";"";"";"";"";"";"";"";"";"";"";"";"";"";"Aço";"";"";"1";"0";"";"";"";"";"";"";"";"";"";"";"";"";"";""
"0043dca6-8f22-46f0-ba54-aaa68d0bcbcf";"https://app.kartado.com.br/#/SharedLink/Reporting/0043dca6-8f22-46f0-ba54-aaa68d0bcbcf/show?company=b9e4cd95-cb76-4dae-88e2-fd76c9a08110";"ERM-MONI-2025.134619";"BR-116/MG";"639";"639";"-20.64816699";"-42.24516675";"Monitoração de Pavimento Flexível";"";"";"";"Não se aplica";"";"";"";"Decrescente";"Monitoração";"Executado";"Compartilhado com ANTT";"Vidal Valério";"";"Ecovias Rio Minas";"Ecovias Rio Minas";"";"2025-09-19T08:43";"2022-09-19T08:43";"2025-11-05T23:39";"2022-09-19T08:43";"Relatório Dc: RT_ECRM_IGG_BR-116 MG | Relatório IRI: RT_ECRM_IRI_BR-116 MG | Relatório trincamento: RT_ECRM_Condições de Superfície_BR-116 MG | Relatório ATR: RT_ECRM_Condições de Superfície_BR-116 MG | Relatório IGG: RT_ECRM_IGG_BR-116 MG | Relatório VRD: RT_ECRM_Aderência_BR-116 MG | Relatório HS: RT_ECRM_Aderência_BR-116 MG";"";"0";"";"696494ba-a760-4ce5-bfb4-01bdba839bb8";"";"Monitoração 0 (Inicial)";"";"";"";"";"";"";"";"";"";"";"";"";"";"";"";"";"";"";"";"";"";"";"";"";"";"";"";"";"";"";"";"";"";"";"";"";"";"";"";"";"";"";"";"";"";"";"";"";"";"";"";"";"";"";"";"";"";"";"";"";"";"";"";"";"";"";"";"";"";"";"";"";"";"";"";"";"";"";"";"";"";"";"";"";"";"";"";"";"";"";"";"";"";"";"";"";"";"";"";"";"";"";"";"";"";"";"";"";"";"";"";"";"";"";"";"";"";"";"";"";"";"";"";"";"";"";"";"";"";"";"";"";"";"";"";"";"";"";"";"";"";"";"";"";"";"BR-116/MG639DF1";"";"";"";"";"";"";"";"";"";"";"";"";"";"";"";"";"";"";"";"";"";"";"";"";"";"";"";"";"";"";"";"";"";"";"";"";"";"";"";"";"";"";"";"";"";"";"";"";"";"";"";"";"";"";"";"";"";"";"";"";""
"0043ff93-52cd-440e-9b98-52cb2ba2a8c1";"https://app.kartado.com.br/#/SharedLink/Reporting/0043ff93-52cd-440e-9b98-52cb2ba2a8c1/show?company=b9e4cd95-cb76-4dae-88e2-fd76c9a08110";"ERM-MONI-2025.137444";"BR-116/MG";"744.438";"744.446";"-21.428330049716564";"-42.51394423684994";"Monitoração de Sinalização Horizontal - Marcas Viárias";"8";"0.4";"";"Dispositivo";"";"";"";"Sul";"Monitoração";"Executado";"Compartilhado com ANTT";"Luiza Franco Suporte";"";"Ecovias Rio Minas";"Ecovias Rio Minas";"";"2025-09-19T18:25";"2025-09-19T18:25";"2025-11-05T23:39";"2022-09-19T18:25";"Sinalização LRE";"";"0";"";"0799cfda-0d93-46af-a6a2-fa7bfa13ecb9";"";"Monitoração 0 (Inicial)";"";"";"";"";"";"";"";"";"";"";"";"";"";"";"";"";"";"";"";"";"";"";"";"";"";"";"";"";"";"";"";"";"";"";"";"";"";"";"";"";"";"";"";"";"";"";"";"";"";"";"";"";"Reprovado";"Marca Viária";"";"";"";"";"";"";"";"";"";"";"";"";"";"";"";"";"63";"";"";"";"";"3.2";"";"";"";"";"";"";"";"";"";"";"";"";"";"";"";"";"";"";"";"";"";"";"";"";"";"";"";"";"";"";"";"";"";"";"";"";"";"";"";"";"";"";"";"";"";"";"";"";"";"";"";"";"";"";"";"";"";"";"";"";"";"";"";"";"";"";"";"";"";"SH 116 MG 744,438 S 2";"";"";"";"";"";"";"";"";"";"";"";"";"";"";"";"";"";"";"";"";"";"";"";"";"";"";"";"";"";"";"";"";"";"";"";"";"";"";"";"";"";"";"";"";"";"";"";"";"";"";"";"";"";"";"";"";"";"";"";"";""
"00443226-6f63-4d6a-ba8e-f32eba7f2314";"https://app.kartado.com.br/#/SharedLink/Reporting/00443226-6f63-4d6a-ba8e-f32eba7f2314/show?company=b9e4cd95-cb76-4dae-88e2-fd76c9a08110";"ERM-MONI-2025.23126";"BR-493/RJ";"4.91";"4.91";"-22.73994405";"-42.9535417";"Monitoração de Sinalização Vertical";"";"";"";"Não se aplica";"";"";"";"Sul";"Monitoração";"Executado";"Compartilhado com ANTT";"Luan Poletti";"";"Ecovias Rio Minas";"Ecovias Rio Minas";"";"2025-09-13T22:20";"2024-09-13T22:20";"2025-11-05T23:39";"2024-09-13T22:20";"";"";"0";"";"d806554d-5753-4852-b550-6cc058782cf8";"III";"Monitoração 2";"Vermelha";"Aprovado";"";"";"";"";"";"";"";"";"";"";"";"";"";"";"";"";"";"";"";"";"";"";"";"";"";"";"";"";"";"";"";"";"";"";"";"";"";"";"";"";"";"";"";"";"";"";"";"";"";"";"";"";"";"";"";"";"";"";"";"";"";"";"788.8";"0";"0";"Aprovado";"";"";"";"";"";"";"";"";"Bom";"Bom";"";"";"";"";"";"";"";"";"";"";"";"";"";"";"";"";"";"";"";"";"";"";"";"";"";"";"";"";"";"";"";"";"";"";"";"";"";"";"";"";"";"";"";"";"";"";"";"";"";"";"";"Aprovado";"";"";"";"";"";"";"";"";"";"";"";"";"";"";"130.8";"SV 493 RJ 004+910 S 1";"";"";"";"";"";"";"";"";"";"";"";"";"";"";"";"";"";"";"";"";"";"";"";"";"";"";"";"";"";"";"";"";"";"";"";"";"";"";"";"";"";"Regulamentação";"ACM";"1";"";"";"";"";"";"";"";"";"";"";"";"";"";"";"";"";""
"0044d14e-ee8d-477a-b1a6-f6e4ce0b195a";"https://app.kartado.com.br/#/SharedLink/Reporting/0044d14e-ee8d-477a-b1a6-f6e4ce0b195a/show?company=b9e4cd95-cb76-4dae-88e2-fd76c9a08110";"ERM-MONI-2025.137356";"BR-493/RJ";"18.472";"18.468";"-22.66820229";"-43.0238613";"Monitoração de Sinalização Horizontal - Marcas Viárias";"4";"2.5";"";"Pista";"";"";"";"Sul";"Monitoração";"Executado";"Compartilhado com ANTT";"Luiza Franco Suporte";"";"Ecovias Rio Minas";"Ecovias Rio Minas";"";"2025-09-19T18:25";"2025-09-19T18:25";"2025-11-05T23:39";"2022-09-19T18:25";"Sinalização MOF";"";"0";"";"cc120909-d27c-47c3-9681-45adfa9d690e";"";"Monitoração 0 (Inicial)";"";"";"";"";"";"";"";"";"";"";"";"";"";"";"";"";"";"";"";"";"";"";"";"";"";"";"";"";"";"";"";"";"";"";"";"";"";"";"";"";"";"";"";"";"";"";"";"";"";"";"";"";"Reprovado";"Marca Viária";"";"";"";"";"";"";"";"";"";"";"";"";"";"";"";"";"78";"";"";"";"";"10";"";"";"";"";"";"";"";"";"";"";"";"";"";"";"";"";"";"";"";"";"";"";"";"";"";"";"";"";"";"";"";"";"";"";"";"";"";"";"";"";"";"";"";"";"";"";"";"";"";"";"";"";"";"";"";"";"";"";"";"";"";"";"";"";"";"";"";"";"";"SH 493 RJ 18,472 S 1";"";"";"";"";"";"";"";"";"";"";"";"";"";"";"";"";"";"";"";"";"";"";"";"";"";"";"";"";"";"";"";"";"";"";"";"";"";"";"";"";"";"";"";"";"";"";"";"";"";"";"";"";"";"";"";"";"";"";"";"";""
"00468953-b997-4706-89be-89e5d30d3c28";"https://app.kartado.com.br/#/SharedLink/Reporting/00468953-b997-4706-89be-89e5d30d3c28/show?company=b9e4cd95-cb76-4dae-88e2-fd76c9a08110";"ERM-MONI-2025.86698";"BR-116/RJ";"70.94";"70.94";"-22.32216858035029";"-42.938930501409644";"Monitoração de Sinalização Vertical";"";"3";"1.45";"Não se aplica";"";"";"";"Norte";"Monitoração";"Executado";"Compartilhado com ANTT";"Lucas Pereira Luiz";"";"Ecovias Rio Minas";"Ecovias Rio Minas";"";"2025-09-17T18:36";"2023-09-17T18:36";"2025-11-05T23:39";"2023-09-17T18:36";"Arquivo: SV - BR-116-RJ - NORTE | Descrição: ORIENTAÇÃO";"";"0";"";"cdffa8de-7b01-48f4-9174-df8a99dfdc13";"I";"Monitoração 1";"Verde";"Aprovado";"";"";"";"";"";"";"";"";"";"";"";"";"";"";"";"";"";"";"";"";"";"";"";"";"";"";"";"";"";"";"";"";"";"";"";"";"";"";"";"";"";"";"";"";"";"";"";"";"";"";"";"";"";"";"";"";"";"";"";"";"";"";"162.4";"0";"0";"Aprovado";"";"";"";"";"";"";"";"4.35";"Bom";"Bom";"";"";"";"";"";"";"";"";"";"";"";"";"";"";"";"";"";"";"";"";"";"";"";"";"";"";"";"";"";"";"";"";"";"";"";"";"";"";"";"";"";"";"";"";"";"";"";"";"";"";"";"Aprovado";"";"";"";"";"";"";"";"";"";"";"";"";"";"";"18.36";"SV 116 RJ 070+940 N 1";"";"";"";"";"";"";"";"";"";"";"";"";"";"";"";"";"";"";"";"";"";"";"";"";"";"";"";"";"";"";"";"";"";"";"";"";"";"";"";"";"";"Orientação";"Aço";"";"";"";"";"Madeira";"";"";"";"";"";"";"";"";"";"";"";"";""
"00493a84-481a-4361-bddc-0c23807f5736";"https://app.kartado.com.br/#/SharedLink/Reporting/00493a84-481a-4361-bddc-0c23807f5736/show?company=b9e4cd95-cb76-4dae-88e2-fd76c9a08110";"ERM-MONI-2025.72815";"BR-493/RJ";"92.495";"92.495";"-22.68815247";"-43.68038597";"Monitoração de Sinalização Vertical";"";"0.5";"0.6";"Não se aplica";"";"";"";"Leste";"Monitoração";"Executado";"Compartilhado com ANTT";"Luiza Franco Suporte";"";"Ecovias Rio Minas";"Ecovias Rio Minas";"";"2025-09-17T17:03";"2022-09-17T17:03";"2025-11-05T23:39";"2022-09-17T17:03";"";"";"0";"";"0852e762-3148-492a-beac-71784f4bb534";"III";"Monitoração 0 (Inicial)";"Amarela";"Aprovado";"";"";"";"";"";"";"";"";"";"";"";"";"";"";"";"";"";"";"";"";"";"";"";"";"";"";"";"";"";"";"";"";"";"";"";"";"";"";"";"";"";"";"";"";"";"";"";"";"";"";"";"";"";"";"";"";"";"";"";"";"";"";"0";"0";"0";"";"";"";"";"";"";"";"";"";"Bom";"Ruim";"";"";"";"";"";"";"";"";"";"";"";"";"";"";"";"";"";"";"";"";"";"";"";"";"";"";"";"";"";"";"";"";"";"";"";"";"";"";"";"";"";"";"";"";"";"";"";"";"";"";"";"Aprovado";"";"";"";"";"";"";"";"";"";"";"";"";"";"";"422.8";"SV 493 RJ 092+495 L 1";"";"";"";"";"";"";"";"";"";"";"";"";"";"";"";"";"";"";"";"";"";"";"";"";"";"";"";"";"";"";"";"";"";"";"";"";"";"";"";"";"";"";"ACM";"";"";"0.15";"0";"";"";"";"";"";"";"";"";"";"";"";"";"";""
"00493f38-b2fa-4938-8a24-9a4f5e33951b";"https://app.kartado.com.br/#/SharedLink/Reporting/00493f38-b2fa-4938-8a24-9a4f5e33951b/show?company=b9e4cd95-cb76-4dae-88e2-fd76c9a08110";"ERM-MONI-2025.92822";"BR-116/MG";"415.649";"415.649";"-18.895270313212603";"-41.947852610956076";"Monitoração de Drenagem Superficial";"";"";"";"Não se aplica";"";"";"";"Não se aplica";"Monitoração";"Executado";"Compartilhado com ANTT";"Luiza Franco Suporte";"";"Ecovias Rio Minas";"Ecovias Rio Minas";"";"2025-09-17T19:50";"2025-09-17T19:50";"2025-11-05T23:39";"2022-09-17T19:50";"KM ANTIGO 416+724";"";"0";"";"f488a675-4c9e-46e5-9035-8bb09402be1a";"";"Monitoração 0 (Inicial)";"";"";"";"";"";"";"";"";"";"";"";"";"";"";"";"";"";"";"";"";"";"";"";"";"";"";"";"";"";"";"";"";"";"";"";"";"";"";"";"";"";"";"";"";"";"";"";"";"";"";"";"";"";"";"";"";"";"";"";"";"";"";"";"";"";"";"";"";"";"";"";"";"";"";"";"";"";"";"";"";"";"";"";"";"";"";"";"";"";"";"";"";"";"";"";"";"";"";"";"";"";"";"";"";"";"";"";"";"";"";"";"";"";"";"";"";"";"";"";"";"";"";"";"";"";"";"";"";"";"";"";"";"";"";"";"";"";"";"";"";"";"";"";"";"";"DA BR 116 MG 415+649 N";"";"";"";"";"";"";"";"";"";"";"";"";"";"";"";"";"";"";"";"";"";"";"";"";"";"";"";"";"";"";"";"";"";"Descida d'água";"";"";"";"";"";"";"";"";"";"";"";"";"";"";"";"";"";"";"";"";"";"";"";"";"";"";""
"0049d05f-2f25-4ee5-a591-9e0d84b88502";"https://app.kartado.com.br/#/SharedLink/Reporting/0049d05f-2f25-4ee5-a591-9e0d84b88502/show?company=b9e4cd95-cb76-4dae-88e2-fd76c9a08110";"ERM-MONI-2025.107319";"BR-116/RJ";"111.99";"112.097";"-22.56123117";"-42.99732046";"Monitoração de Sinalização Horizontal - Zebrados";"107";"";"";"Não se aplica";"";"";"";"Sul";"Monitoração";"Executado";"Compartilhado com ANTT";"Lucas Pereira Luiz";"";"Ecovias Rio Minas";"Ecovias Rio Minas";"";"2025-09-18T15:45";"2025-09-18T15:45";"2025-11-05T23:39";"2023-09-18T15:45";"Sinalização: ZPA e LCA";"";"0";"";"4e4ba2a0-c062-4373-83f6-f1bbdc13393f";"";"Monitoração 1";"";"";"";"";"";"";"";"";"";"";"";"";"";"";"";"";"";"";"";"";"";"";"";"";"";"";"";"";"";"";"";"";"";"";"";"";"";"";"";"";"";"";"";"";"";"278.4";"291.7";"REPROVADO";"REPROVADO";"Aprovado";"";"";"";"3";"";"";"";"";"";"";"";"";"";"";"";"";"";"";"";"";"";"";"";"";"";"";"";"";"";"";"";"";"";"";"";"";"";"";"";"";"";"";"";"";"";"";"";"";"";"";"";"";"";"";"";"";"";"";"";"";"";"";"";"";"";"";"";"";"";"";"";"";"";"";"";"";"";"";"";"";"";"";"";"";"";"";"";"";"";"";"";"";"";"";"";"SH 116 RJ 111+990 S 1";"";"";"";"";"";"";"";"";"";"";"";"";"";"";"";"";"";"";"";"";"";"";"";"";"";"";"";"";"";"";"";"";"";"";"";"";"";"";"";"";"";"";"";"";"";"";"";"";"";"";"";"";"";"";"";"";"";"";"";"";""
"0049f8df-d9b3-441b-9e70-6cec39605a57";"https://app.kartado.com.br/#/SharedLink/Reporting/0049f8df-d9b3-441b-9e70-6cec39605a57/show?company=b9e4cd95-cb76-4dae-88e2-fd76c9a08110";"ERM-MONI-2025.88802";"BR-116/RJ";"118.9";"118.9";"-22.61229331570639";"-43.03330150454175";"Monitoração de Sinalização Vertical";"";"0.5";"0.6";"Não se aplica";"";"";"";"Sul";"Monitoração";"Executado";"Compartilhado com ANTT";"Lucas Pereira Luiz";"";"Ecovias Rio Minas";"Ecovias Rio Minas";"";"2025-09-17T19:34";"2023-09-17T19:34";"2025-11-05T23:39";"2023-09-17T19:34";"Arquivo: SV - BR-116-RJ - SUL | Descrição: M.A.";"";"0";"";"c755dd26-dd81-4a12-865d-7956bc6be50c";"X";"Monitoração 1";"Amarela";"Aprovado";"";"";"";"";"";"";"";"";"";"";"";"";"";"";"";"";"";"";"";"";"";"";"";"";"";"";"";"";"";"";"";"";"";"";"";"";"";"";"";"";"";"";"";"";"";"";"";"";"";"";"";"";"";"";"";"";"";"";"";"";"";"";"0";"0";"0";"";"";"";"";"";"";"";"";"0.3";"Bom";"Bom";"";"";"";"";"";"";"";"";"";"";"";"";"";"";"";"";"";"";"";"";"";"";"";"";"";"";"";"";"";"";"";"";"";"";"";"";"";"";"";"";"";"";"";"";"";"";"";"";"";"";"";"Aprovado";"";"";"";"";"";"";"";"";"";"";"";"";"";"";"512.6";"SV 116 RJ 118+900 S 38";"";"";"";"";"";"";"";"";"";"";"";"";"";"";"";"";"";"";"";"";"";"";"";"";"";"";"";"";"";"";"";"";"";"";"";"";"";"";"";"";"";"Dispositivos Auxiliares";"ACM";"";"";"";"";"Madeira";"";"";"";"";"";"";"";"";"";"";"";"";""
"004a5abf-4e54-4950-b6df-18c98e0de00f";"https://app.kartado.com.br/#/SharedLink/Reporting/004a5abf-4e54-4950-b6df-18c98e0de00f/show?company=b9e4cd95-cb76-4dae-88e2-fd76c9a08110";"ERM-MONI-2025.103556";"BR-493/RJ";"64";"64";"-22.68324089";"-43.43188814";"Monitoração de Pavimento Flexível";"";"";"";"Não se aplica";"";"";"";"Crescente";"Monitoração";"Executado";"Compartilhado com ANTT";"Luan Poletti";"";"Ecovias Rio Minas";"Ecovias Rio Minas";"";"2025-09-18T11:25";"2024-09-18T11:25";"2025-11-05T23:39";"2024-09-18T11:25";"Relatório HS: RT_ECRM_Aderência_BR-493 RJ | Relatório VRD: RT_ECRM_Aderência_BR-493 RJ | Relatório Degrau: RT_ECRM_Degrau_BR-465 RJ | Relatório Dc: RT_ECRM_FWD_BR-493 RJ | Relatório IRI: RT_ECRM_IRI_BR-493 RJ | Relatório trincamento: RT_ECRM_Condições de Superfície_BR-493 RJ | Relatório IGG: RT_ECRM_IGG_BR-493 RJ | Relatório ATR: RT_ECRM_IGG_BR-493 RJ";"";"0";"";"84aae1ab-112a-407f-a0f4-2f5c50a10820";"";"Monitoração 2";"";"";"";"";"";"";"";"";"";"";"";"";"";"";"";"";"";"";"";"";"";"";"";"";"";"";"";"";"";"";"";"";"";"";"";"";"";"";"";"";"";"";"";"";"";"";"";"";"";"";"";"";"";"";"";"";"";"";"";"";"";"";"";"";"";"";"";"";"";"";"";"";"";"";"";"";"";"";"";"";"";"";"";"";"";"";"";"";"";"";"";"";"";"";"";"";"";"";"";"";"";"";"";"";"";"";"";"";"";"";"";"";"";"";"";"";"";"";"";"";"";"";"";"";"";"";"";"";"";"";"";"";"";"";"";"";"";"";"";"";"";"";"";"";"";"BR-493/RJ64CF1";"";"";"";"";"";"";"";"";"";"";"";"";"";"";"";"";"";"";"";"";"";"";"";"";"";"";"";"";"";"";"";"";"";"";"";"";"";"";"";"";"";"";"";"";"";"";"";"";"";"";"";"";"";"";"";"";"";"";"";"";""
"004a9c4f-2553-40fd-85a9-026585ab1128";"https://app.kartado.com.br/#/SharedLink/Reporting/004a9c4f-2553-40fd-85a9-026585ab1128/show?company=b9e4cd95-cb76-4dae-88e2-fd76c9a08110";"ERM-MONI-2025.142240";"BR-116/RJ";"86.303";"86.303";"-22.434377736500906";"-42.947855815438324";"Monitoração de Drenagem Profunda (OAC)";"";"";"";"Não se aplica";"";"";"";"Sul";"Monitoração";"Executado";"Compartilhado com ANTT";"Vidal Valério";"";"Ecovias Rio Minas";"Ecovias Rio Minas";"";"2025-09-19T20:08";"2023-09-19T20:08";"2025-11-05T23:39";"2023-09-19T20:08";"";"";"0";"";"5f79b3f0-2f0d-49d8-a657-00a7ecc41157";"";"Monitoração 1";"";"";"";"";"";"";"";"";"";"";"";"";"";"";"";"";"";"";"";"";"";"";"";"";"";"";"";"";"";"";"";"";"";"";"";"";"";"";"";"";"";"";"";"";"";"";"";"";"";"";"";"";"";"";"";"";"";"";"";"";"";"";"";"";"";"";"";"";"";"";"";"";"";"";"";"";"";"";"";"";"";"";"";"";"";"";"";"";"";"";"";"";"";"";"";"";"";"";"";"";"";"";"Bom";"Bom";"true";"true";"";"";"";"";"";"";"";"";"";"";"";"";"";"";"";"";"";"";"";"";"";"";"";"";"";"";"";"";"";"";"";"";"";"";"";"";"";"";"";"OAC BR 116 RJ 086+303 N";"";"";"";"";"";"";"";"";"";"";"";"";"";"";"";"";"";"";"";"";"";"";"";"";"";"";"";"";"";"";"";"";"";"";"";"2,40x1,20x0,60";"2";"2,40x1,20x0,60";"2";"";"";"";"";"";"";"";"";"";"";"";"";"";"";"";"";"";"";"";"";"";""
"004b85f5-6983-438b-b286-0a0073b884c4";"https://app.kartado.com.br/#/SharedLink/Reporting/004b85f5-6983-438b-b286-0a0073b884c4/show?company=b9e4cd95-cb76-4dae-88e2-fd76c9a08110";"ERM-MONI-2026.01128";"BR-116/RJ";"105.221";"105.221";"-22.51237032";"-43.00024614";"Monitoração de Faixa de Domínio - Ponto de Ônibus";"";"";"";"Não se aplica";"";"";"";"Norte";"Monitoração";"Executado";"Criado";"Arthur Barros";"";"Ecovias Rio Minas";"Ecovias Rio Minas";"";"2026-07-01T17:21";"2026-07-01T17:20";"2026-07-01T17:21";"2023-07-01T00:00";"";"";"0";"";"cdd517a1-5fb1-4f7b-966f-1ebc1880fecb";"";"Monitoração 0 (Inicial)";"";"";"";"";"";"";"";"";"";"";"";"";"";"";"";"";"";"";"";"";"";"";"";"";"";"";"";"";"";"";"";"";"";"";"";"";"";"";"";"";"";"";"";"";"";"";"";"";"";"";"";"";"";"";"";"";"";"";"";"";"";"";"";"";"";"";"";"";"";"";"";"";"";"";"";"";"";"";"Periódica";"";"";"";"";"";"";"";"";"";"";"";"";"";"";"";"";"";"";"";"";"";"";"";"";"";"";"";"";"";"";"";"";"";"";"";"";"";"";"";"";"";"";"";"";"";"";"";"";"";"";"";"";"";"";"";"";"";"";"";"";"";"";"";"";"";"";"OC 116 RJ 105+221 N 1";"";"";"";"";"";"";"";"";"";"";"";"";"";"";"";"";"";"";"";"";"";"";"";"";"";"";"";"";"";"";"";"";"";"";"";"";"";"";"";"";"";"";"";"";"";"";"";"";"";"";"";"";"";"";"";"";"";"";"";"";""
"004bc593-62c5-4c0c-b30e-9548fc4fde0c";"https://app.kartado.com.br/#/SharedLink/Reporting/004bc593-62c5-4c0c-b30e-9548fc4fde0c/show?company=b9e4cd95-cb76-4dae-88e2-fd76c9a08110";"ERM-MONI-2025.59103";"BR-116/RJ";"134.111";"134.111";"-22.6534424";"-43.1523003";"Monitoração de Sinalização Vertical";"";"";"";"Não se aplica";"";"";"";"Sul";"Monitoração";"Executado";"Compartilhado com ANTT";"Luiza Franco Suporte";"";"Ecovias Rio Minas";"Ecovias Rio Minas";"";"2025-09-17T16:56";"2022-09-17T16:56";"2025-11-05T23:39";"2022-09-17T16:56";"";"";"0";"";"6ca0f49a-82d9-4ddd-88ae-5886fc408df8";"III";"Monitoração 0 (Inicial)";"Vermelha";"Aprovado";"";"";"";"";"";"";"";"";"";"";"";"";"";"";"";"";"";"";"";"";"";"";"";"";"";"";"";"";"";"";"";"";"";"";"";"";"";"";"";"";"";"";"";"";"";"";"";"";"";"";"";"";"";"";"";"";"";"";"";"";"";"";"556.8";"0";"0";"Aprovado";"";"";"";"";"";"";"";"";"Bom";"Bom";"";"";"";"";"";"";"";"";"";"";"";"";"";"";"";"";"";"";"";"";"";"";"";"";"";"";"";"";"";"";"";"";"";"";"";"";"";"";"";"";"";"";"";"";"";"";"";"";"";"";"";"Aprovado";"";"";"";"";"";"";"";"";"";"";"";"";"";"";"181";"SV 116 RJ 134+111 S 1";"";"";"";"";"";"";"";"";"";"";"";"";"";"";"";"";"";"";"";"";"";"";"";"";"";"";"";"";"";"";"";"";"";"";"";"";"";"";"";"";"";"";"Aço";"0.8";"";"";"0.5024000000000001";"";"";"";"";"";"";"";"";"";"";"";"";"";""
"004cd1a8-77b1-4ad4-9185-7b28d0805130";"https://app.kartado.com.br/#/SharedLink/Reporting/004cd1a8-77b1-4ad4-9185-7b28d0805130/show?company=b9e4cd95-cb76-4dae-88e2-fd76c9a08110";"ERM-MONI-2025.62330";"BR-116/MG";"470.013";"470.013";"-19.31857243";"-42.07387157";"Monitoração de Sinalização Vertical";"";"";"";"Não se aplica";"";"";"";"Norte";"Monitoração";"Executado";"Compartilhado com ANTT";"Luiza Franco Suporte";"";"Ecovias Rio Minas";"Ecovias Rio Minas";"";"2025-09-17T16:58";"2022-09-17T16:58";"2025-11-05T23:39";"2022-09-17T16:58";"";"";"0";"";"c260c702-6222-40ba-863f-7156717431c6";"III";"Monitoração 0 (Inicial)";"Vermelha";"Aprovado";"";"";"";"";"";"";"";"";"";"";"";"";"";"";"";"";"";"";"";"";"";"";"";"";"";"";"";"";"";"";"";"";"";"";"";"";"";"";"";"";"";"";"";"";"";"";"";"";"";"";"";"";"";"";"";"";"";"";"";"";"";"";"859";"0";"0";"Aprovado";"";"";"";"";"";"";"";"";"Bom";"Bom";"";"";"";"";"";"";"";"";"";"";"";"";"";"";"";"";"";"";"";"";"";"";"";"";"";"";"";"";"";"";"";"";"";"";"";"";"";"";"";"";"";"";"";"";"";"";"";"";"";"";"";"Aprovado";"";"";"";"";"";"";"";"";"";"";"";"";"";"";"191.4";"SV 116 MG 470+013 N 1";"";"";"";"";"";"";"";"";"";"";"";"";"";"";"";"";"";"";"";"";"";"";"";"";"";"";"";"";"";"";"";"";"";"";"";"";"";"";"";"";"";"";"Aço";"1";"";"";"0.785";"";"";"";"";"";"";"";"";"";"";"";"";"";""
"004d6fd6-1dde-4b20-a9f4-71d2f10803fb";"https://app.kartado.com.br/#/SharedLink/Reporting/004d6fd6-1dde-4b20-a9f4-71d2f10803fb/show?company=b9e4cd95-cb76-4dae-88e2-fd76c9a08110";"ERM-MONI-2025.73373";"BR-116/MG";"722.734";"722.734";"-21.269815254250787";"-42.40498514476761";"Monitoração de Sinalização Vertical";"";"0.5";"0.6";"Não se aplica";"";"";"";"Sul";"Monitoração";"Executado";"Compartilhado com ANTT";"Luiza Franco Suporte";"";"Ecovias Rio Minas";"Ecovias Rio Minas";"";"2025-09-17T17:03";"2022-09-17T17:03";"2025-11-05T23:39";"2022-09-17T17:03";"";"";"0";"";"1f3e47cf-44d1-45d2-a120-2ebe34eda86a";"I";"Monitoração 0 (Inicial)";"Amarela";"Aprovado";"";"";"";"";"";"";"";"";"";"";"";"";"";"";"";"";"";"";"";"";"";"";"";"";"";"";"";"";"";"";"";"";"";"";"";"";"";"";"";"";"";"";"";"";"";"";"";"";"";"";"";"";"";"";"";"";"";"";"";"";"";"";"0";"0";"0";"";"";"";"";"";"";"";"";"";"Bom";"Bom";"";"";"";"";"";"";"";"";"";"";"";"";"";"";"";"";"";"";"";"";"";"";"";"";"";"";"";"";"";"";"";"";"";"";"";"";"";"";"";"";"";"";"";"";"";"";"";"";"";"";"";"Aprovado";"";"";"";"";"";"";"";"";"";"";"";"";"";"";"45.24";"SV 116 MG 722+734 S 1";"";"";"";"";"";"";"";"";"";"";"";"";"";"";"";"";"";"";"";"";"";"";"";"";"";"";"";"";"";"";"";"";"";"";"";"";"";"";"";"";"";"";"Aço";"";"";"0.15";"0";"";"";"";"";"";"";"";"";"";"";"";"";"";""
"004eef69-777b-41bc-a3e3-6590b909eb95";"https://app.kartado.com.br/#/SharedLink/Reporting/004eef69-777b-41bc-a3e3-6590b909eb95/show?company=b9e4cd95-cb76-4dae-88e2-fd76c9a08110";"ERM-MONI-2025.89436";"BR-465/RJ";"1.29";"1.29";"-22.719654405896918";"-43.725936029620776";"Monitoração de Sinalização Vertical";"";"";"";"Não se aplica";"";"";"";"Sul";"Monitoração";"Executado";"Compartilhado com ANTT";"Lucas Pereira Luiz";"";"Ecovias Rio Minas";"Ecovias Rio Minas";"";"2025-09-17T19:35";"2023-09-17T19:35";"2025-11-05T23:39";"2023-09-17T19:35";"Arquivo: SV - BR-465-RJ - SUL | Descrição: R-01";"";"0";"";"d23a7359-1a2a-4d12-9ff9-06a7548ae198";"III";"Monitoração 1";"Vermelha";"Aprovado";"";"";"";"";"";"";"";"";"";"";"";"";"";"";"";"";"";"";"";"";"";"";"";"";"";"";"";"";"";"";"";"";"";"";"";"";"";"";"";"";"";"";"";"";"";"";"";"";"";"";"";"";"";"";"";"";"";"";"";"";"";"";"638";"0";"0";"Aprovado";"";"";"";"";"";"";"";"0.5";"Bom";"Bom";"";"";"";"";"";"";"";"";"";"";"";"";"";"";"";"";"";"";"";"";"";"";"";"";"";"";"";"";"";"";"";"";"";"";"";"";"";"";"";"";"";"";"";"";"";"";"";"";"";"";"";"Aprovado";"";"";"";"";"";"";"";"";"";"";"";"";"";"";"84.48";"SV 465 RJ 001+290 S 1";"";"";"";"";"";"";"";"";"";"";"";"";"";"";"";"";"";"";"";"";"";"";"";"";"";"";"";"";"";"";"";"";"";"";"";"";"";"";"";"";"";"Regulamentação";"ACM";"0.8";"";"";"";"Madeira";"";"";"";"";"";"";"";"";"";"";"";"";""
"0050c63c-1c46-46b0-b867-12ec489c8315";"https://app.kartado.com.br/#/SharedLink/Reporting/0050c63c-1c46-46b0-b867-12ec489c8315/show?company=b9e4cd95-cb76-4dae-88e2-fd76c9a08110";"ERM-MONI-2025.17208";"BR-116/MG";"794.688";"794.688";"-21.71989873";"-42.72842979";"Monitoração de Sinalização Vertical";"";"0.5";"0.6";"Não se aplica";"";"";"";"Sul";"Monitoração";"Executado";"Compartilhado com ANTT";"Luan Poletti";"";"Ecovias Rio Minas";"Ecovias Rio Minas";"";"2025-09-13T21:12";"2024-09-13T21:12";"2025-11-05T23:39";"2024-09-13T21:12";"";"";"0";"";"c6721f20-ba69-45f2-ac3d-c7aa673d1d1e";"X";"Monitoração 2";"Amarela";"Aprovado";"";"";"";"";"";"";"";"";"";"";"";"";"";"";"";"";"";"";"";"";"";"";"";"";"";"";"";"";"";"";"";"";"";"";"";"";"";"";"";"";"";"";"";"";"";"";"";"";"";"";"";"";"";"";"";"";"";"";"";"";"";"";"0";"0";"0";"";"";"";"";"";"";"";"";"";"Bom";"Bom";"";"";"";"";"";"";"";"";"";"";"";"";"";"";"";"";"";"";"";"";"";"";"";"";"";"";"";"";"";"";"";"";"";"";"";"";"";"";"";"";"";"";"";"";"";"";"";"";"";"";"";"Aprovado";"";"";"";"";"";"";"";"";"";"";"";"";"";"";"888.2";"SV 116 MG 794+688 S 1";"";"";"";"";"";"";"";"";"";"";"";"";"";"";"";"";"";"";"";"";"";"";"";"";"";"";"";"";"";"";"";"";"";"";"";"";"";"";"";"";"";"Dispositivos Auxiliares";"ACM";"";"";"";"";"";"";"";"";"";"";"";"";"";"";"";"";"";""
"00513ec7-5b54-4a09-9a00-586dea54b7fb";"https://app.kartado.com.br/#/SharedLink/Reporting/00513ec7-5b54-4a09-9a00-586dea54b7fb/show?company=b9e4cd95-cb76-4dae-88e2-fd76c9a08110";"ERM-MONI-2025.132713";"BR-116/MG";"481";"481";"-19.40487118";"-42.11622931";"Monitoração de Pavimento Flexível";"";"";"";"Não se aplica";"";"";"";"Decrescente";"Monitoração";"Executado";"Compartilhado com ANTT";"Vidal Valério";"";"Ecovias Rio Minas";"Ecovias Rio Minas";"";"2025-09-18T18:34";"2023-09-18T18:34";"2025-11-05T23:39";"2023-09-18T18:34";"Relatório Dc: RT_ECRM_IGG_BR-116 MG | Relatório IRI: RT_ECRM_IRI_BR-116 MG | Relatório trincamento: RT_ECRM_Condições de Superfície_BR-116 MG | Relatório ATR: RT_ECRM_Condições de Superfície_BR-116 MG | Relatório IGG: RT_ECRM_IGG_BR-116 MG | Relatório VRD:  | Relatório HS: ";"";"0";"";"89803eba-25e4-46bb-a76b-88031e2afd84";"";"Monitoração 1";"";"";"";"";"";"";"";"";"";"";"";"";"";"";"";"";"";"";"";"";"";"";"";"";"";"";"";"";"";"";"";"";"";"";"";"";"";"";"";"";"";"";"";"";"";"";"";"";"";"";"";"";"";"";"";"";"";"";"";"";"";"";"";"";"";"";"";"";"";"";"";"";"";"";"";"";"";"";"";"";"";"";"";"";"";"";"";"";"";"";"";"";"";"";"";"";"";"";"";"";"";"";"";"";"";"";"";"";"";"";"";"";"";"";"";"";"";"";"";"";"";"";"";"";"";"";"";"";"";"";"";"";"";"";"";"";"";"";"";"";"";"";"";"";"";"BR-116/MG481DF1";"";"";"";"";"";"";"";"";"";"";"";"";"";"";"";"";"";"";"";"";"";"";"";"";"";"";"";"";"";"";"";"";"";"";"";"";"";"";"";"";"";"";"";"";"";"";"";"";"";"";"";"";"";"";"";"";"";"";"";"";""
"0051a6ab-c21f-4951-85dc-d0924b32578b";"https://app.kartado.com.br/#/SharedLink/Reporting/0051a6ab-c21f-4951-85dc-d0924b32578b/show?company=b9e4cd95-cb76-4dae-88e2-fd76c9a08110";"ERM-MONI-2025.137489";"BR-493/RJ";"88.145";"88.152";"-22.66812152";"-43.64464512";"Monitoração de Sinalização Horizontal - Marcas Viárias";"7";"1";"";"Pista";"";"";"";"Sul";"Monitoração";"Executado";"Compartilhado com ANTT";"Luiza Franco Suporte";"";"Ecovias Rio Minas";"Ecovias Rio Minas";"";"2025-09-19T18:25";"2025-09-19T18:25";"2025-11-05T23:39";"2022-09-19T18:25";"Sinalização PEM";"";"0";"";"e09290c2-5ec0-486a-9104-226c17b39043";"";"Monitoração 0 (Inicial)";"";"";"";"";"";"";"";"";"";"";"";"";"";"";"";"";"";"";"";"";"";"";"";"";"";"";"";"";"";"";"";"";"";"";"";"";"";"";"";"";"";"";"";"";"";"";"";"";"";"";"";"";"Aprovado";"Marca Viária";"";"";"";"";"";"";"";"";"";"";"";"";"";"";"";"";"218.33";"";"";"";"";"7";"";"";"";"";"";"";"";"";"";"";"";"";"";"";"";"";"";"";"";"";"";"";"";"";"";"";"";"";"";"";"";"";"";"";"";"";"";"";"";"";"";"";"";"";"";"";"";"";"";"";"";"";"";"";"";"";"";"";"";"";"";"";"";"";"";"";"";"";"";"SH 493 RJ 88,145 S 1";"";"";"";"";"";"";"";"";"";"";"";"";"";"";"";"";"";"";"";"";"";"";"";"";"";"";"";"";"";"";"";"";"";"";"";"";"";"";"";"";"";"";"";"";"";"";"";"";"";"";"";"";"";"";"";"";"";"";"";"";""
"0052f7f7-d010-4f4c-b4ec-622fbeffd4db";"https://app.kartado.com.br/#/SharedLink/Reporting/0052f7f7-d010-4f4c-b4ec-622fbeffd4db/show?company=b9e4cd95-cb76-4dae-88e2-fd76c9a08110";"ERM-MONI-2025.02179";"BR-493/RJ";"10.14";"10.293";"-22.69366454";"-42.95697271";"Monitoração de EPS - Barreiras Rígidas";"153";"";"0.85";"Expressa";"";"";"";"Sul";"Monitoração";"Executado";"Compartilhado com ANTT";"Luan Poletti";"";"Ecovias Rio Minas";"Ecovias Rio Minas";"";"2025-09-06T17:52";"2024-09-06T17:52";"2025-11-05T23:39";"2024-09-06T17:52";"BARREIRA DE CONCRETO - BR-493-RJ";"";"0";"";"110b1e18-d083-45ee-9c77-03dd5487283a";"";"";"";"";"";"";"";"";"";"";"";"";"";"";"";"";"";"";"";"";"";"";"";"";"";"";"";"";"";"";"";"";"";"";"";"";"";"";"";"";"";"";"";"";"";"";"";"";"";"";"";"";"";"";"";"";"";"";"true";"";"";"1";"";"";"false";"";"";"";"";"";"";"";"";"";"";"";"";"";"";"";"";"";"";"";"";"";"";"";"";"";"";"";"";"";"";"";"";"";"";"";"";"";"";"";"";"";"";"";"";"";"";"";"";"";"";"";"";"";"";"";"";"";"";"";"";"1";"Atendido";"";"";"";"";"";"";"";"";"";"";"";"";"";"";"";"";"";"";"";"";"BC 493 RJ 010+140 S 1";"";"";"";"";"";"";"";"";"";"";"";"";"";"";"";"";"";"";"";"";"";"";"";"";"";"";"";"";"";"";"";"";"";"";"";"";"";"";"";"";"";"";"";"";"";"";"";"";"";"";"";"";"";"";"";"";"";"";"";"";""
"00533165-1a43-4c62-b04c-c0ab1cf133fa";"https://app.kartado.com.br/#/SharedLink/Reporting/00533165-1a43-4c62-b04c-c0ab1cf133fa/show?company=b9e4cd95-cb76-4dae-88e2-fd76c9a08110";"";"BR-116/RJ";"95.684";"95.684";"-22.47445934";"-43.00088638";"Monitoração de Sinalização Vertical";"";"0.5";"0.6";"Não se aplica";"";"";"";"Sul";"Monitoração";"Executado";"Compartilhado com ANTT";"Luiza Franco Suporte";"";"Ecovias Rio Minas";"Ecovias Rio Minas";"";"2025-09-17T16:52";"2022-08-24T00:00";"2025-09-17T16:52";"2022-11-30T21:00";"";"";"0";"";"4af3e1c9-bc7f-4537-9717-b4fec12f7dd9";"X";"Monitoração 0 (Inicial)";"11";"Aprovado";"";"";"";"";"";"";"";"";"";"";"";"";"";"";"";"";"";"";"";"";"";"";"";"";"";"";"";"";"";"";"";"";"";"";"";"";"";"";"";"";"";"";"";"";"";"";"";"";"";"";"";"";"";"";"";"";"";"";"";"";"";"";"";"";"";"";"";"";"";"";"";"";"";"";"Bom";"Bom";"";"";"";"";"";"";"";"";"";"";"";"";"";"";"";"";"";"";"";"";"";"";"";"";"";"";"";"";"";"";"";"";"";"";"";"";"";"";"";"";"";"";"";"";"";"";"";"";"";"";"";"Aprovado";"";"";"";"";"";"";"";"";"";"";"";"";"";"";"534.4";"SV 116 RJ 095+684 S 1";"";"";"";"";"";"";"";"";"";"";"";"";"";"";"";"";"";"";"";"";"";"";"";"";"";"";"";"";"";"";"";"";"";"";"";"";"";"";"";"";"";"";"Aço";"";"";"";"";"";"";"";"";"";"";"";"";"";"";"";"";"";""
"00537e17-2dc0-4b63-a0bb-60f0a7e1f9dd";"https://app.kartado.com.br/#/SharedLink/Reporting/00537e17-2dc0-4b63-a0bb-60f0a7e1f9dd/show?company=b9e4cd95-cb76-4dae-88e2-fd76c9a08110";"ERM-MONI-2025.62954";"BR-116/RJ";"37.06";"37.06";"-22.10738527";"-42.78784782";"Monitoração de Sinalização Vertical";"";"1";"1";"Não se aplica";"";"";"";"Norte";"Monitoração";"Executado";"Compartilhado com ANTT";"Luiza Franco Suporte";"";"Ecovias Rio Minas";"Ecovias Rio Minas";"";"2025-09-17T16:58";"2022-09-17T16:58";"2025-11-05T23:39";"2022-09-17T16:58";"";"";"0";"";"cb00bf96-10bf-463b-87b2-39ef605a9814";"X";"Monitoração 0 (Inicial)";"11";"Aprovado";"";"";"";"";"";"";"";"";"";"";"";"";"";"";"";"";"";"";"";"";"";"";"";"";"";"";"";"";"";"";"";"";"";"";"";"";"";"";"";"";"";"";"";"";"";"";"";"";"";"";"";"";"";"";"";"";"";"";"";"";"";"";"0";"0";"0";"";"";"";"";"";"";"";"";"";"Bom";"Bom";"";"";"";"";"";"";"";"";"";"";"";"";"";"";"";"";"";"";"";"";"";"";"";"";"";"";"";"";"";"";"";"";"";"";"";"";"";"";"";"";"";"";"";"";"";"";"";"";"";"";"";"Aprovado";"";"";"";"";"";"";"";"";"";"";"";"";"";"";"1015.8";"SV 116 RJ 037+060 N 1";"";"";"";"";"";"";"";"";"";"";"";"";"";"";"";"";"";"";"";"";"";"";"";"";"";"";"";"";"";"";"";"";"";"";"";"";"";"";"";"";"";"";"Aço";"";"";"0.5";"0";"";"";"";"";"";"";"";"";"";"";"";"";"";""
"0053fecd-6a42-4ebb-a2c0-76b3563f2f08";"https://app.kartado.com.br/#/SharedLink/Reporting/0053fecd-6a42-4ebb-a2c0-76b3563f2f08/show?company=b9e4cd95-cb76-4dae-88e2-fd76c9a08110";"ERM-MONI-2026.07514";"BR-465/RJ";"5.198";"5.198";"-22.74619567";"-43.70066211";"Monitoração de Faixa de Domínio - Acessos";"";"";"";"Não se aplica";"";"";"";"Leste";"Monitoração";"Executado";"Criado";"Arthur Barros";"";"Ecovias Rio Minas";"Ecovias Rio Minas";"";"2026-07-02T20:28";"2026-07-02T20:24";"2026-07-02T20:32";"2023-07-01T00:00";"";"";"0";"";"ddb0a61c-01ef-4a8f-97ac-6b33dba52688";"";"Monitoração 1";"";"";"";"";"";"";"";"";"";"";"";"";"";"";"";"";"";"";"";"";"";"";"";"";"";"";"";"";"";"";"";"";"";"";"";"";"";"";"";"";"";"";"";"";"";"";"";"";"";"";"";"";"";"";"";"";"";"";"";"";"";"";"";"";"";"";"";"";"";"";"";"";"";"";"";"";"";"";"Periódica";"";"";"";"";"";"";"";"";"Irregulares/não autorizados, necessitando de analise do projeto perante normas técnicas vigentes (DNIT, ABNT e ANTT)";"";"";"";"";"";"";"";"";"";"";"";"";"";"";"";"";"";"";"";"";"";"";"";"";"";"";"";"";"";"";"";"";"";"";"";"";"";"";"";"";"";"";"";"";"";"";"";"";"";"";"";"";"";"";"";"";"";"AC 465 RJ 005+198 L 1";"";"";"";"";"";"";"";"";"";"";"";"";"";"";"";"";"Público";"Não Pavimentado";"";"";"";"";"";"";"";"";"";"";"";"";"";"";"";"";"";"";"";"";"";"";"";"";"";"";"";"";"";"";"";"";"";"";"";"";"";"";"";"Prefeitura Municipal De Seropédica";"";"";""
"0054813e-b08f-4137-a485-be84deaf5501";"https://app.kartado.com.br/#/SharedLink/Reporting/0054813e-b08f-4137-a485-be84deaf5501/show?company=b9e4cd95-cb76-4dae-88e2-fd76c9a08110";"ERM-MONI-2025.52233";"BR-116/MG";"527.716";"527.786";"-19.79519717";"-42.13680964";"Monitoração de Terraplenos e Estruturas de Contenção";"70";"";"50";"Não se aplica";"";"";"";"Norte";"Monitoração";"Executado";"Compartilhado com ANTT";"Arthur Barros";"";"Ecovias Rio Minas";"Ecovias Rio Minas";"";"2025-09-17T15:47";"2025-09-17T15:47";"2025-11-05T23:39";"2023-09-17T15:47";"";"";"0";"";"9105a042-e747-4026-bf48-715c204c3fbe";"";"Monitoração 1";"";"";"";"";"";"";"";"";"";"";"";"";"";"";"";"";"";"";"";"";"";"";"";"";"";"";"";"";"";"";"";"";"";"";"";"";"";"";"";"";"";"";"";"";"";"";"";"";"";"";"";"";"";"";"";"";"";"";"";"";"";"";"";"";"";"";"";"";"";"";"";"";"";"";"";"";"";"";"Periódica";"";"";"";"";"";"";"";"";"";"";"";"";"";"";"";"";"";"";"";"";"R3 - Risco alto";"";"";"";"";"";"";"";"";"";"";"";"";"";"";"";"";"";"";"";"";"";"";"";"";"";"";"";"";"";"";"";"";"";"";"";"";"";"";"";"";"";"";"";"";"";"TP BR 116 MG 527+716 N";"";"";"";"";"";"";"";"";"";"";"";"";"";"";"";"";"";"";"";"";"";"";"";"";"";"";"Rasteira";"70";"Corte";"Ondulado";"";"Inexistente";"";"";"";"";"";"";"";"";"";"";"";"";"";"";"";"";"";"";"";"";"";"";"";"";"";"";"";"";""
"005495cb-687c-4b01-8609-f37e2ed2edf9";"https://app.kartado.com.br/#/SharedLink/Reporting/005495cb-687c-4b01-8609-f37e2ed2edf9/show?company=b9e4cd95-cb76-4dae-88e2-fd76c9a08110";"ERM-MONI-2026.05240";"BR-116/MG";"450.375";"450.375";"-19.15731629";"-42.02394117";"Monitoração de Faixa de Domínio - Acessos";"";"";"";"Não se aplica";"";"";"";"Norte";"Monitoração";"Executado";"Criado";"Arthur Barros";"";"Ecovias Rio Minas";"Ecovias Rio Minas";"";"2026-07-02T20:28";"2026-07-02T20:23";"2026-07-02T20:30";"2023-07-01T00:00";"";"";"0";"";"2af927ba-6f79-4ad8-9b67-53f5687de149";"";"Monitoração 1";"";"";"";"";"";"";"";"";"";"";"";"";"";"";"";"";"";"";"";"";"";"";"";"";"";"";"";"";"";"";"";"";"";"";"";"";"";"";"";"";"";"";"";"";"";"";"";"";"";"";"";"";"";"";"";"";"";"";"";"";"";"";"";"";"";"";"";"";"";"";"";"";"";"";"";"";"";"";"Periódica";"";"";"";"";"";"";"";"";"Irregulares/não autorizados, necessitando de analise do projeto perante normas técnicas vigentes (DNIT, ABNT e ANTT)";"";"";"";"";"";"";"";"";"";"";"";"";"";"";"";"";"";"";"";"";"";"";"";"";"";"";"";"";"";"";"";"";"";"";"";"";"";"";"";"";"";"";"";"";"";"";"";"";"";"";"";"";"";"";"";"";"";"AC 116 MG 450+362 N 1";"";"";"";"";"";"";"";"";"";"";"";"";"";"";"";"";"Outros";"Não Pavimentado";"";"";"";"";"";"";"";"";"";"";"";"";"";"";"";"";"";"";"";"";"";"";"";"";"";"";"";"";"";"";"";"";"";"";"";"";"";"";"";"Não Identificado";"";"";""
"0054c824-50ff-43c2-b59e-d979877452f8";"https://app.kartado.com.br/#/SharedLink/Reporting/0054c824-50ff-43c2-b59e-d979877452f8/show?company=b9e4cd95-cb76-4dae-88e2-fd76c9a08110";"ERM-MONI-2025.24436";"BR-116/RJ";"70.22";"70.22";"-22.31626961";"-42.93787061";"Monitoração de Sinalização Vertical";"";"";"";"Não se aplica";"";"";"";"Sul";"Monitoração";"Executado";"Compartilhado com ANTT";"Luan Poletti";"";"Ecovias Rio Minas";"Ecovias Rio Minas";"";"2025-09-15T09:14";"2024-09-15T09:14";"2025-11-05T23:39";"2024-09-15T09:14";"";"";"0";"";"1f27d743-ef36-475e-a459-fc534fc4d9d5";"III";"Monitoração 2";"Vermelha";"Aprovado";"";"";"";"";"";"";"";"";"";"";"";"";"";"";"";"";"";"";"";"";"";"";"";"";"";"";"";"";"";"";"";"";"";"";"";"";"";"";"";"";"";"";"";"";"";"";"";"";"";"";"";"";"";"";"";"";"";"";"";"";"";"";"1154.6";"0";"0";"Aprovado";"";"";"";"";"";"";"";"";"Bom";"Bom";"";"";"";"";"";"";"";"";"";"";"";"";"";"";"";"";"";"";"";"";"";"";"";"";"";"";"";"";"";"";"";"";"";"";"";"";"";"";"";"";"";"";"";"";"";"";"";"";"";"";"";"Aprovado";"";"";"";"";"";"";"";"";"";"";"";"";"";"";"130.6";"SV 116 RJ 070+220 S 1";"";"";"";"";"";"";"";"";"";"";"";"";"";"";"";"";"";"";"";"";"";"";"";"";"";"";"";"";"";"";"";"";"";"";"";"";"";"";"";"";"";"Regulamentação";"ACM";"1";"";"";"";"";"";"";"";"";"";"";"";"";"";"";"";"";""
"005540a8-c285-4660-893d-7fa33826725a";"https://app.kartado.com.br/#/SharedLink/Reporting/005540a8-c285-4660-893d-7fa33826725a/show?company=b9e4cd95-cb76-4dae-88e2-fd76c9a08110";"ERM-MONI-2025.20922";"BR-116/RJ";"87.76";"87.76";"-22.44637776";"-42.95176316";"Monitoração de Sinalização Vertical";"";"2";"1.22";"Não se aplica";"";"";"";"Norte";"Monitoração";"Executado";"Compartilhado com ANTT";"Luan Poletti";"";"Ecovias Rio Minas";"Ecovias Rio Minas";"";"2025-09-13T21:47";"2024-09-13T21:47";"2025-11-05T23:39";"2024-09-13T21:47";"";"";"0";"";"5320993d-a500-479d-90d3-45925577a591";"X";"Monitoração 2";"Amarela";"Aprovado";"";"";"";"";"";"";"";"";"";"";"";"";"";"";"";"";"";"";"";"";"";"";"";"";"";"";"";"";"";"";"";"";"";"";"";"";"";"";"";"";"";"";"";"";"";"";"";"";"";"";"";"";"";"";"";"";"";"";"";"";"";"";"0";"0";"0";"";"";"";"";"";"";"";"";"";"Bom";"Bom";"";"";"";"";"";"";"";"";"";"";"";"";"";"";"";"";"";"";"";"";"";"";"";"";"";"";"";"";"";"";"";"";"";"";"";"";"";"";"";"";"";"";"";"";"";"";"";"";"";"";"";"Aprovado";"";"";"";"";"";"";"";"";"";"";"";"";"";"";"478.8";"SV 116 RJ 087+760 N 1";"";"";"";"";"";"";"";"";"";"";"";"";"";"";"";"";"";"";"";"";"";"";"";"";"";"";"";"";"";"";"";"";"";"";"";"";"";"";"";"";"";"Advertência";"ACM";"";"";"";"";"";"";"";"";"";"";"";"";"";"";"";"";"";""
"005542c2-3aa7-4d33-80d6-caa8f2813179";"https://app.kartado.com.br/#/SharedLink/Reporting/005542c2-3aa7-4d33-80d6-caa8f2813179/show?company=b9e4cd95-cb76-4dae-88e2-fd76c9a08110";"ERM-MONI-2025.19277";"BR-116/MG";"725.48";"725.48";"-21.28838495";"-42.41706329";"Monitoração de Sinalização Vertical";"";"0.5";"0.6";"Não se aplica";"";"";"";"Sul";"Monitoração";"Executado";"Compartilhado com ANTT";"Luan Poletti";"";"Ecovias Rio Minas";"Ecovias Rio Minas";"";"2025-09-13T21:13";"2024-09-13T21:13";"2025-11-05T23:39";"2024-09-13T21:13";"";"";"0";"";"ce0b3a9a-1784-450e-ab35-b8ae618e2e0c";"X";"Monitoração 2";"Amarela";"Aprovado";"";"";"";"";"";"";"";"";"";"";"";"";"";"";"";"";"";"";"";"";"";"";"";"";"";"";"";"";"";"";"";"";"";"";"";"";"";"";"";"";"";"";"";"";"";"";"";"";"";"";"";"";"";"";"";"";"";"";"";"";"";"";"0";"0";"0";"";"";"";"";"";"";"";"";"";"Bom";"Bom";"";"";"";"";"";"";"";"";"";"";"";"";"";"";"";"";"";"";"";"";"";"";"";"";"";"";"";"";"";"";"";"";"";"";"";"";"";"";"";"";"";"";"";"";"";"";"";"";"";"";"";"Aprovado";"";"";"";"";"";"";"";"";"";"";"";"";"";"";"668.4";"SV 116 MG 725+480 S 1";"";"";"";"";"";"";"";"";"";"";"";"";"";"";"";"";"";"";"";"";"";"";"";"";"";"";"";"";"";"";"";"";"";"";"";"";"";"";"";"";"";"Dispositivos Auxiliares";"ACM";"";"";"";"";"";"";"";"";"";"";"";"";"";"";"";"";"";""
"00558428-9bab-46cb-aae5-b997eb1a2142";"https://app.kartado.com.br/#/SharedLink/Reporting/00558428-9bab-46cb-aae5-b997eb1a2142/show?company=b9e4cd95-cb76-4dae-88e2-fd76c9a08110";"ERM-MONI-2025.19906";"BR-116/RJ";"111";"111";"-22.55399051";"-42.99180973";"Monitoração de Sinalização Vertical";"";"0.7";"1";"Não se aplica";"";"";"";"Sul";"Monitoração";"Executado";"Compartilhado com ANTT";"Luan Poletti";"";"Ecovias Rio Minas";"Ecovias Rio Minas";"";"2025-09-13T21:44";"2024-09-13T21:44";"2025-11-05T23:39";"2024-09-13T21:44";"";"";"0";"";"686650d4-7cb5-4ff1-b0b0-7f6a16ad2cc7";"III";"Monitoração 2";"Azul";"Aprovado";"";"";"";"";"";"";"";"";"";"";"";"";"";"";"";"";"";"";"";"";"";"";"";"";"";"";"";"";"";"";"";"";"";"";"";"";"";"";"";"";"";"";"";"";"";"";"";"";"";"";"";"";"";"";"";"";"";"";"";"";"";"";"599.6";"0";"0";"Aprovado";"";"";"";"";"";"";"";"";"Bom";"Bom";"";"";"";"";"";"";"";"";"";"";"";"";"";"";"";"";"";"";"";"";"";"";"";"";"";"";"";"";"";"";"";"";"";"";"";"";"";"";"";"";"";"";"";"";"";"";"";"";"";"";"";"Aprovado";"";"";"";"";"";"";"";"";"";"";"";"";"";"";"72.12";"SV 116 RJ 111+000 S 1";"";"";"";"";"";"";"";"";"";"";"";"";"";"";"";"";"";"";"";"";"";"";"";"";"";"";"";"";"";"";"";"";"";"";"";"";"";"";"";"";"";"Localização";"ACM";"";"";"";"";"";"";"";"";"";"";"";"";"";"";"";"";"";""
"005589fa-72c4-4cb6-9234-70e3a20d2dc4";"https://app.kartado.com.br/#/SharedLink/Reporting/005589fa-72c4-4cb6-9234-70e3a20d2dc4/show?company=b9e4cd95-cb76-4dae-88e2-fd76c9a08110";"ERM-MONI-2025.12580";"BR-116/MG";"702.96";"702.96";"-21.12996366";"-42.38534784";"Monitoração de Sinalização Vertical";"";"";"";"Não se aplica";"";"";"";"Norte";"Monitoração";"Executado";"Compartilhado com ANTT";"Luan Poletti";"";"Ecovias Rio Minas";"Ecovias Rio Minas";"";"2025-09-13T20:51";"2024-09-13T20:51";"2025-11-05T23:39";"2024-09-13T20:51";"";"";"0";"";"b2ba84c7-2580-49f0-92f0-038fba518888";"III";"Monitoração 2";"Vermelha";"Aprovado";"";"";"";"";"";"";"";"";"";"";"";"";"";"";"";"";"";"";"";"";"";"";"";"";"";"";"";"";"";"";"";"";"";"";"";"";"";"";"";"";"";"";"";"";"";"";"";"";"";"";"";"";"";"";"";"";"";"";"";"";"";"";"633.4";"0";"0";"Aprovado";"";"";"";"";"";"";"";"";"Ruim";"Bom";"";"";"";"";"";"";"";"";"";"";"";"";"";"";"";"";"";"";"";"";"";"";"";"";"";"";"";"";"";"";"";"";"";"";"";"";"";"";"";"";"";"";"";"";"";"";"";"";"";"";"";"Aprovado";"";"";"";"";"";"";"";"";"";"";"";"";"";"";"141.6";"SV 116 MG 702+960 N 2";"";"";"";"";"";"";"";"";"";"";"";"";"";"";"";"";"";"";"";"";"";"";"";"";"";"";"";"";"";"";"";"";"";"";"";"";"";"";"";"";"";"Regulamentação";"ACM";"1";"";"";"";"";"";"";"";"";"";"";"";"";"";"";"";"";""
"0055f0d2-cf4d-4a0f-ac60-e0a21e5858ba";"https://app.kartado.com.br/#/SharedLink/Reporting/0055f0d2-cf4d-4a0f-ac60-e0a21e5858ba/show?company=b9e4cd95-cb76-4dae-88e2-fd76c9a08110";"ERM-MONI-2025.83786";"BR-116/RJ";"20.355";"20.355";"-22.00218643270071";"-42.762554108175166";"Monitoração de Sinalização Vertical";"";"0.5";"0.6";"Não se aplica";"";"";"";"Sul";"Monitoração";"Executado";"Compartilhado com ANTT";"Lucas Pereira Luiz";"";"Ecovias Rio Minas";"Ecovias Rio Minas";"";"2025-09-17T18:34";"2023-09-17T18:34";"2025-11-05T23:39";"2023-09-17T18:34";"Arquivo: SV - BR-116-RJ - SUL | Descrição: M.A.";"";"0";"";"f49feeca-fa6a-4d81-865c-1b49782a9bcc";"X";"Monitoração 1";"Amarela";"Aprovado";"";"";"";"";"";"";"";"";"";"";"";"";"";"";"";"";"";"";"";"";"";"";"";"";"";"";"";"";"";"";"";"";"";"";"";"";"";"";"";"";"";"";"";"";"";"";"";"";"";"";"";"";"";"";"";"";"";"";"";"";"";"";"0";"0";"0";"";"";"";"";"";"";"";"";"0.3";"Bom";"Bom";"";"";"";"";"";"";"";"";"";"";"";"";"";"";"";"";"";"";"";"";"";"";"";"";"";"";"";"";"";"";"";"";"";"";"";"";"";"";"";"";"";"";"";"";"";"";"";"";"";"";"";"Aprovado";"";"";"";"";"";"";"";"";"";"";"";"";"";"";"866.8";"SV 116 RJ 020+355 S 1";"";"";"";"";"";"";"";"";"";"";"";"";"";"";"";"";"";"";"";"";"";"";"";"";"";"";"";"";"";"";"";"";"";"";"";"";"";"";"";"";"";"Dispositivos Auxiliares";"ACM";"";"";"";"";"Madeira";"";"";"";"";"";"";"";"";"";"";"";"";""
"00563479-c86e-46f8-b8e7-a57e12fcb4e6";"https://app.kartado.com.br/#/SharedLink/Reporting/00563479-c86e-46f8-b8e7-a57e12fcb4e6/show?company=b9e4cd95-cb76-4dae-88e2-fd76c9a08110";"ERM-MONI-2025.15890";"BR-116/MG";"497.59";"497.59";"-19.54379506";"-42.12497736";"Monitoração de Sinalização Vertical";"";"0.5";"0.6";"Não se aplica";"";"";"";"Sul";"Monitoração";"Executado";"Compartilhado com ANTT";"Luan Poletti";"";"Ecovias Rio Minas";"Ecovias Rio Minas";"";"2025-09-13T21:00";"2024-09-13T21:00";"2025-11-05T23:39";"2024-09-13T21:00";"";"";"0";"";"7be1c1aa-557e-4b19-8d63-98814297abeb";"X";"Monitoração 2";"Amarela";"Aprovado";"";"";"";"";"";"";"";"";"";"";"";"";"";"";"";"";"";"";"";"";"";"";"";"";"";"";"";"";"";"";"";"";"";"";"";"";"";"";"";"";"";"";"";"";"";"";"";"";"";"";"";"";"";"";"";"";"";"";"";"";"";"";"0";"0";"0";"";"";"";"";"";"";"";"";"";"Bom";"Bom";"";"";"";"";"";"";"";"";"";"";"";"";"";"";"";"";"";"";"";"";"";"";"";"";"";"";"";"";"";"";"";"";"";"";"";"";"";"";"";"";"";"";"";"";"";"";"";"";"";"";"";"Aprovado";"";"";"";"";"";"";"";"";"";"";"";"";"";"";"775.8";"SV 116 MG 497+590 S 1";"";"";"";"";"";"";"";"";"";"";"";"";"";"";"";"";"";"";"";"";"";"";"";"";"";"";"";"";"";"";"";"";"";"";"";"";"";"";"";"";"";"Dispositivos Auxiliares";"ACM";"";"";"";"";"";"";"";"";"";"";"";"";"";"";"";"";"";""
"0057471a-54f3-40b4-b6b2-72417599cb81";"https://app.kartado.com.br/#/SharedLink/Reporting/0057471a-54f3-40b4-b6b2-72417599cb81/show?company=b9e4cd95-cb76-4dae-88e2-fd76c9a08110";"ERM-MONI-2026.14390";"BR-493/RJ";"12.475";"12.475";"-22.6782435";"-42.97072888";"Monitoração de Faixa de Domínio - Acessos";"";"";"";"Não se aplica";"";"";"";"Sul";"Monitoração";"Executado";"Criado";"Arthur Barros";"";"Ecovias Rio Minas";"Ecovias Rio Minas";"";"2026-07-02T20:28";"2026-07-02T20:24";"2026-07-02T20:35";"2025-07-19T00:00";"";"";"0";"";"0109b5f9-bf02-4b10-a288-e56b2b562f88";"";"Monitoração 3";"";"";"";"";"";"";"";"";"";"";"";"";"";"";"";"";"";"";"";"";"";"";"";"";"";"";"";"";"";"";"";"";"";"";"";"";"";"";"";"";"";"";"";"";"";"";"";"";"";"";"";"";"";"";"";"";"";"";"";"";"";"";"";"";"";"";"";"";"";"";"";"";"";"";"";"";"";"";"Periódica";"";"";"";"";"";"";"";"";"Irregulares/não autorizados, necessitando de analise do projeto perante normas técnicas vigentes (DNIT, ABNT e ANTT)";"";"";"";"";"";"";"";"";"";"";"";"";"";"";"";"";"";"";"";"";"";"";"";"";"";"";"";"";"";"";"";"";"";"";"";"";"";"";"";"";"";"";"";"";"";"";"";"";"";"";"";"";"";"";"";"";"";"AC 493 RJ 012+475 S 1";"";"";"";"";"";"";"";"";"";"";"";"";"";"";"";"";"Público";"Não Pavimentado";"";"";"";"";"";"";"";"";"";"";"";"";"";"";"";"";"";"";"";"";"";"";"";"";"";"";"";"";"";"";"";"";"";"";"";"";"";"";"";"Prefeitura Municipal De Guapimirim";"";"";""
"00574ff0-1b0f-4d6f-8abd-23c3adc8bbbb";"https://app.kartado.com.br/#/SharedLink/Reporting/00574ff0-1b0f-4d6f-8abd-23c3adc8bbbb/show?company=b9e4cd95-cb76-4dae-88e2-fd76c9a08110";"ERM-MONI-2025.107258";"BR-116/MG";"436.44";"436.459";"-19.04879763";"-41.99810168";"Monitoração de Sinalização Horizontal - Zebrados";"19";"";"";"Não se aplica";"";"";"";"Sul";"Monitoração";"Executado";"Compartilhado com ANTT";"Lucas Pereira Luiz";"";"Ecovias Rio Minas";"Ecovias Rio Minas";"";"2025-09-18T15:45";"2025-09-18T15:45";"2025-11-05T23:39";"2023-09-18T15:45";"Sinalização: ZPA e LCA";"";"0";"";"d6bf7051-9f30-4b09-8aba-0a3635f7f5e2";"";"Monitoração 1";"";"";"";"";"";"";"";"";"";"";"";"";"";"";"";"";"";"";"";"";"";"";"";"";"";"";"";"";"";"";"";"";"";"";"";"";"";"";"";"";"";"";"";"";"";"0";"247.2";"REPROVADO";"REPROVADO";"Aprovado";"";"";"";"3";"";"";"";"";"";"";"";"";"";"";"";"";"";"";"";"";"";"";"";"";"";"";"";"";"";"";"";"";"";"";"";"";"";"";"";"";"";"";"";"";"";"";"";"";"";"";"";"";"";"";"";"";"";"";"";"";"";"";"";"";"";"";"";"";"";"";"";"";"";"";"";"";"";"";"";"";"";"";"";"";"";"";"";"";"";"";"";"";"";"";"";"SH 116 MG 436+440 S 1";"";"";"";"";"";"";"";"";"";"";"";"";"";"";"";"";"";"";"";"";"";"";"";"";"";"";"";"";"";"";"";"";"";"";"";"";"";"";"";"";"";"";"";"";"";"";"";"";"";"";"";"";"";"";"";"";"";"";"";"";""
"0057a374-81ed-4afc-b361-ce96d9994699";"https://app.kartado.com.br/#/SharedLink/Reporting/0057a374-81ed-4afc-b361-ce96d9994699/show?company=b9e4cd95-cb76-4dae-88e2-fd76c9a08110";"ERM-MONI-2025.38116";"BR-116/MG";"456.94";"456.908";"-19.209790479102963";"-42.05299106406332";"Monitoração de EPS - Defensas Metálicas";"32";"";"0.7";"Não se aplica";"";"";"";"Norte";"Monitoração";"Executado";"Compartilhado com ANTT";"Lucas Pereira Luiz";"";"Ecovias Rio Minas";"Ecovias Rio Minas";"";"2025-09-16T16:01";"2023-09-16T16:01";"2025-11-05T23:39";"2023-09-16T16:01";"";"";"0";"";"2b342b2d-3862-41c3-9f4a-1c487bc42394";"";"";"";"";"";"";"";"";"";"";"";"";"";"";"";"";"";"";"";"";"";"";"";"";"";"";"";"";"";"";"";"";"";"";"";"";"";"";"";"";"";"";"";"";"";"";"";"";"";"";"";"";"";"";"";"";"";"";"";"";"";"";"false";"false";"";"false";"";"";"";"";"";"";"";"";"";"";"";"";"";"";"";"";"";"";"";"";"";"";"";"";"";"";"";"";"";"";"";"";"";"";"";"";"";"";"";"";"";"";"";"";"";"";"";"";"";"";"";"";"";"";"";"";"";"";"";"";"";"";"";"";"";"";"";"";"";"";"";"";"";"";"";"";"";"";"";"";"";"DM 116 MG 456+940 N 1";"";"";"";"";"";"";"";"";"";"";"";"";"";"";"";"";"";"";"";"";"";"";"";"";"";"";"";"";"";"";"";"";"";"";"";"";"";"";"";"";"";"";"";"";"";"";"";"";"";"";"";"";"";"";"";"";"";"";"";"";""
"005830dc-1814-4524-9f9f-6bb56d064a6d";"https://app.kartado.com.br/#/SharedLink/Reporting/005830dc-1814-4524-9f9f-6bb56d064a6d/show?company=b9e4cd95-cb76-4dae-88e2-fd76c9a08110";"ERM-MONI-2025.40550";"BR-116/RJ-(DUTRA)";"177.761";"177.761";"-22.77920102";"-43.39497017";"Monitoração de EPS - Defensas Metálicas";"4";"";"0.7";"Não se aplica";"";"";"";"Norte";"Monitoração";"Executado";"Compartilhado com ANTT";"Lucas Pereira Luiz";"";"Ecovias Rio Minas";"Ecovias Rio Minas";"";"2025-09-16T17:24";"2024-09-16T17:24";"2026-01-12T11:54";"2023-09-16T17:24";"";"";"0";"";"5abe9e60-2a2e-4b4b-8c70-605208b0ec6a";"";"";"";"";"";"";"";"";"";"";"";"";"";"";"";"";"";"";"";"";"";"";"";"";"";"";"";"";"";"";"";"";"";"";"";"";"";"";"";"";"";"";"";"";"";"";"";"";"";"";"";"";"";"";"";"";"";"";"";"";"";"";"false";"false";"";"false";"";"";"";"";"";"";"";"";"";"";"";"";"";"";"";"";"";"";"";"";"";"";"";"";"";"";"";"";"";"";"";"";"";"";"";"";"";"";"";"";"";"";"";"";"";"";"";"";"";"";"";"";"";"";"";"";"";"";"";"";"";"";"";"";"";"";"";"";"";"";"";"";"";"";"";"";"";"";"";"";"";"DM 116 RJ 177+761 N 1";"";"";"";"";"";"";"";"";"";"";"";"";"";"";"";"";"";"";"";"";"";"";"";"";"";"";"";"";"";"";"";"";"";"";"";"";"";"";"";"";"";"";"";"";"";"";"";"";"";"";"";"";"";"";"";"";"";"";"";"";""
"0058e9c2-2ff9-4f41-bef7-13ced42f555f";"https://app.kartado.com.br/#/SharedLink/Reporting/0058e9c2-2ff9-4f41-bef7-13ced42f555f/show?company=b9e4cd95-cb76-4dae-88e2-fd76c9a08110";"ERM-MONI-2025.107136";"BR-116/RJ-(DUTRA)";"186.84";"186.84";"-22.73934745";"-43.47002334";"Monitoração de Sinalização Horizontal - Zebrados";"89";"";"";"Acostamento";"";"";"";"Norte";"Monitoração";"Executado";"Compartilhado com ANTT";"Lucas Pereira Luiz";"";"Ecovias Rio Minas";"Ecovias Rio Minas";"";"2025-09-18T15:44";"2025-09-18T15:44";"2025-11-05T23:39";"2023-09-18T15:44";"Sinalização: ZPA e LCA";"";"0";"";"4c64d589-7c76-45a9-830b-c748d8ec0f63";"";"Monitoração 1";"";"";"";"";"";"";"";"";"";"";"";"";"";"";"";"";"";"";"";"";"";"";"";"";"";"";"";"";"";"";"";"";"";"";"";"";"";"";"";"";"";"";"";"";"";"102.8";"115.3";"REPROVADO";"REPROVADO";"Aprovado";"";"";"";"3";"";"";"";"";"";"";"";"";"";"";"";"";"";"";"";"";"";"";"";"";"";"";"";"";"";"";"";"";"";"";"";"";"";"";"";"";"";"";"";"";"";"";"";"";"";"";"";"";"";"";"";"";"";"";"";"";"";"";"";"";"";"";"";"";"";"";"";"";"";"";"";"";"";"";"";"";"";"";"";"";"";"";"";"";"";"";"";"";"";"";"";"SH 116 RJ 186+840 N 1";"";"";"";"";"";"";"";"";"";"";"";"";"";"";"";"";"";"";"";"";"";"";"";"";"";"";"";"";"";"";"";"";"";"";"";"";"";"";"";"";"";"";"";"";"";"";"";"";"";"";"";"";"";"";"";"";"";"";"";"";""
"0058eb7c-5c01-4058-9dbe-483960591b93";"https://app.kartado.com.br/#/SharedLink/Reporting/0058eb7c-5c01-4058-9dbe-483960591b93/show?company=b9e4cd95-cb76-4dae-88e2-fd76c9a08110";"ERM-MONI-2025.67138";"BR-116/MG";"518.721";"518.721";"-19.7185618";"-42.12874945";"Monitoração de Sinalização Vertical";"";"";"";"Não se aplica";"";"";"";"Norte";"Monitoração";"Executado";"Compartilhado com ANTT";"Luiza Franco Suporte";"";"Ecovias Rio Minas";"Ecovias Rio Minas";"";"2025-09-17T17:00";"2022-09-17T17:00";"2025-11-05T23:39";"2022-09-17T17:00";"";"";"0";"";"c94cd4f6-3185-4ac9-9fae-b03670b246e0";"III";"Monitoração 0 (Inicial)";"Vermelha";"Aprovado";"";"";"";"";"";"";"";"";"";"";"";"";"";"";"";"";"";"";"";"";"";"";"";"";"";"";"";"";"";"";"";"";"";"";"";"";"";"";"";"";"";"";"";"";"";"";"";"";"";"";"";"";"";"";"";"";"";"";"";"";"";"";"338.2";"0";"0";"Aprovado";"";"";"";"";"";"";"";"";"Bom";"Bom";"";"";"";"";"";"";"";"";"";"";"";"";"";"";"";"";"";"";"";"";"";"";"";"";"";"";"";"";"";"";"";"";"";"";"";"";"";"";"";"";"";"";"";"";"";"";"";"";"";"";"";"Aprovado";"";"";"";"";"";"";"";"";"";"";"";"";"";"";"62.32";"SV 116 MG 518+721 N 1";"";"";"";"";"";"";"";"";"";"";"";"";"";"";"";"";"";"";"";"";"";"";"";"";"";"";"";"";"";"";"";"";"";"";"";"";"";"";"";"";"";"";"Aço";"1";"";"";"0.785";"";"";"";"";"";"";"";"";"";"";"";"";"";""
"0058ec17-a419-4ffd-9e81-ae4c5d42ba49";"https://app.kartado.com.br/#/SharedLink/Reporting/0058ec17-a419-4ffd-9e81-ae4c5d42ba49/show?company=b9e4cd95-cb76-4dae-88e2-fd76c9a08110";"ERM-MONI-2025.63767";"BR-116/RJ";"137.144";"137.144";"-22.64747104";"-43.18057887";"Monitoração de Sinalização Vertical";"";"3";"0.6";"Não se aplica";"";"";"";"Sul";"Monitoração";"Executado";"Compartilhado com ANTT";"Luiza Franco Suporte";"";"Ecovias Rio Minas";"Ecovias Rio Minas";"";"2025-09-17T16:59";"2022-09-17T16:59";"2025-11-05T23:39";"2022-09-17T16:59";"";"";"0";"";"aa2a0c07-ff52-4b2f-ab77-e70b4c09fd72";"I";"Monitoração 0 (Inicial)";"Verde";"Aprovado";"";"";"";"";"";"";"";"";"";"";"";"";"";"";"";"";"";"";"";"";"";"";"";"";"";"";"";"";"";"";"";"";"";"";"";"";"";"";"";"";"";"";"";"";"";"";"";"";"";"";"";"";"";"";"";"";"";"";"";"";"";"";"165.6";"0";"0";"Aprovado";"";"";"";"";"";"";"";"";"Bom";"Bom";"";"";"";"";"";"";"";"";"";"";"";"";"";"";"";"";"";"";"";"";"";"";"";"";"";"";"";"";"";"";"";"";"";"";"";"";"";"";"";"";"";"";"";"";"";"";"";"";"";"";"";"Aprovado";"";"";"";"";"";"";"";"";"";"";"";"";"";"";"19.96";"SV 116 RJ 137+144 S 1";"";"";"";"";"";"";"";"";"";"";"";"";"";"";"";"";"";"";"";"";"";"";"";"";"";"";"";"";"";"";"";"";"";"";"";"";"";"";"";"";"";"";"Aço";"";"";"0.8999999999999999";"0";"";"";"";"";"";"";"";"";"";"";"";"";"";""
"00597a7e-ec51-4ed4-8c62-7b93dd1b375a";"https://app.kartado.com.br/#/SharedLink/Reporting/00597a7e-ec51-4ed4-8c62-7b93dd1b375a/show?company=b9e4cd95-cb76-4dae-88e2-fd76c9a08110";"ERM-MONI-2025.65741";"BR-116/MG";"659.348";"659.348";"-20.793705116410614";"-42.30214471896463";"Monitoração de Sinalização Vertical";"";"0.5";"0.6";"Não se aplica";"";"";"";"Norte";"Monitoração";"Executado";"Compartilhado com ANTT";"Luiza Franco Suporte";"";"Ecovias Rio Minas";"Ecovias Rio Minas";"";"2025-09-17T16:59";"2022-09-17T16:59";"2025-11-05T23:39";"2022-09-17T16:59";"";"";"0";"";"d9dbc11c-902d-45d1-915d-dbb355f091e9";"III";"Monitoração 0 (Inicial)";"Amarela";"Reprovado";"";"";"";"";"";"";"";"";"";"";"";"";"";"";"";"";"";"";"";"";"";"";"";"";"";"";"";"";"";"";"";"";"";"";"";"";"";"";"";"";"";"";"";"";"";"";"";"";"";"";"";"";"";"";"";"";"";"";"";"";"";"";"0";"0";"0";"";"";"";"";"";"";"";"";"";"Bom";"Bom";"";"";"";"";"";"";"";"";"";"";"";"";"";"";"";"";"";"";"";"";"";"";"";"";"";"";"";"";"";"";"";"";"";"";"";"";"";"";"";"";"";"";"";"";"";"";"";"";"";"";"";"Reprovado";"";"";"";"";"";"";"";"";"";"";"";"";"";"";"51.78";"SV 116 MG 659+348 N 1";"";"";"";"";"";"";"";"";"";"";"";"";"";"";"";"";"";"";"";"";"";"";"";"";"";"";"";"";"";"";"";"";"";"";"";"";"";"";"";"";"";"";"Aço";"";"";"0.15";"0";"";"";"";"";"";"";"";"";"";"";"";"";"";""
"005983e4-419a-4f3b-8fac-a5b480a6f829";"https://app.kartado.com.br/#/SharedLink/Reporting/005983e4-419a-4f3b-8fac-a5b480a6f829/show?company=b9e4cd95-cb76-4dae-88e2-fd76c9a08110";"ERM-MONI-2025.02587";"BR-116/RJ";"125.13";"125.162";"-22.6505873";"-43.07667728";"Monitoração de EPS - Defensas Metálicas em OAE";"20";"";"0.8";"Expressa";"";"";"";"Sul";"Monitoração";"Executado";"Compartilhado com ANTT";"Luan Poletti";"";"Ecovias Rio Minas";"Ecovias Rio Minas";"";"2025-09-06T18:03";"2024-09-06T18:03";"2025-11-05T23:40";"2024-09-06T18:03";"DEFENSA METÁLICA EM OAE - BR-116-RJ";"";"0";"";"c964e8c8-3142-4989-95cb-fc64f4900a90";"";"";"";"";"";"";"";"";"";"";"";"";"";"";"";"";"";"";"";"";"";"";"";"";"";"";"";"";"";"";"";"";"";"";"";"";"";"";"";"";"";"";"";"";"";"";"";"";"";"";"";"";"";"";"";"";"";"";"true";"";"";"1";"";"";"false";"true";"";"";"";"";"";"";"";"";"";"";"";"";"";"";"";"";"";"";"";"";"";"";"";"";"";"";"";"";"";"";"";"";"";"";"";"";"";"";"";"";"";"";"";"";"";"";"";"";"";"";"";"";"";"";"";"";"";"";"";"1";"Não atendido";"";"";"";"";"";"";"";"";"";"";"";"";"";"";"";"";"";"";"";"";"DM 116 RJ 125+130 S 1";"";"";"";"";"";"";"";"";"";"";"";"";"";"";"";"";"";"";"";"";"";"";"";"";"";"";"";"";"";"";"";"";"";"";"";"";"";"";"";"";"";"";"";"";"";"";"";"";"";"";"";"";"";"";"";"";"";"";"";"";""
"005aae88-d8ed-4e8f-8a42-d55c3e71986b";"https://app.kartado.com.br/#/SharedLink/Reporting/005aae88-d8ed-4e8f-8a42-d55c3e71986b/show?company=b9e4cd95-cb76-4dae-88e2-fd76c9a08110";"ERM-MONI-2025.37266";"BR-116/RJ";"133.926";"134.259";"-22.65364132";"-43.15074919";"Monitoração de EPS - Barreiras Rígidas";"308";"";"1";"Não se aplica";"";"";"";"Central";"Monitoração";"Executado";"Compartilhado com ANTT";"Luiza Franco Suporte";"";"Ecovias Rio Minas";"Ecovias Rio Minas";"";"2025-09-16T14:29";"2022-09-16T14:29";"2025-11-05T23:40";"2022-09-16T14:29";"";"";"0";"";"1e802c03-560f-427d-8d9d-12c6c8eb1ad8";"";"";"";"";"";"";"";"";"";"";"";"";"";"";"";"";"";"";"";"";"";"";"";"";"";"";"";"";"";"";"";"";"";"";"";"";"";"";"";"";"";"";"";"";"";"";"";"";"";"";"";"";"";"";"";"";"";"";"true";"";"";"";"";"";"";"";"";"";"";"";"";"";"";"";"";"";"";"";"";"";"";"";"";"";"";"";"";"";"";"";"";"";"";"";"";"";"";"";"";"";"";"";"";"";"";"";"";"";"";"";"";"";"";"";"";"";"";"";"";"";"";"";"";"";"";"";"";"";"";"";"";"";"";"";"";"";"";"";"";"";"";"";"";"";"";"";"";"BC 116 RJ 133+926 C 1";"";"";"";"";"";"";"";"";"";"";"";"";"";"";"";"";"";"";"";"";"";"";"";"";"";"";"";"";"";"";"";"";"";"";"";"";"";"";"";"";"";"";"";"";"";"";"";"";"";"";"";"";"";"";"";"";"1";"";"";"";""
"005c1109-a01f-48af-89d6-936ab93ca35c";"https://app.kartado.com.br/#/SharedLink/Reporting/005c1109-a01f-48af-89d6-936ab93ca35c/show?company=b9e4cd95-cb76-4dae-88e2-fd76c9a08110";"ERM-MONI-2025.139116";"BR-116/MG";"514.847";"514.8502";"-19.6893991";"-42.1174749";"Monitoração de Sinalização Horizontal - Marcas Viárias";"3.2";"0.5";"";"Pista";"";"";"";"Sul";"Monitoração";"Executado";"Compartilhado com ANTT";"Luiza Franco Suporte";"";"Ecovias Rio Minas";"Ecovias Rio Minas";"";"2025-09-19T18:26";"2025-09-19T18:26";"2025-11-05T23:40";"2022-09-19T18:26";"Sinalização LEV";"";"0";"";"b2d6998f-5480-4a4f-ad14-6a84db47c8c8";"";"Monitoração 0 (Inicial)";"";"";"";"";"";"";"";"";"";"";"";"";"";"";"";"";"";"";"";"";"";"";"";"";"";"";"";"";"";"";"";"";"";"";"";"";"";"";"";"";"";"";"";"";"";"";"";"";"";"";"";"";"Reprovado";"Marca Viária";"";"";"";"";"";"";"";"";"";"";"";"";"";"";"";"";"19.94";"";"";"";"";"1.6";"";"";"";"";"";"";"";"";"";"";"";"";"";"";"";"";"";"";"";"";"";"";"";"";"";"";"";"";"";"";"";"";"";"";"";"";"";"";"";"";"";"";"";"";"";"";"";"";"";"";"";"";"";"";"";"";"";"";"";"";"";"";"";"";"";"";"";"";"";"SH 116 MG 514,847 S 1";"";"";"";"";"";"";"";"";"";"";"";"";"";"";"";"";"";"";"";"";"";"";"";"";"";"";"";"";"";"";"";"";"";"";"";"";"";"";"";"";"";"";"";"";"";"";"";"";"";"";"";"";"";"";"";"";"";"";"";"";""
"005c3049-224c-46ae-843b-a9197073cfe2";"https://app.kartado.com.br/#/SharedLink/Reporting/005c3049-224c-46ae-843b-a9197073cfe2/show?company=b9e4cd95-cb76-4dae-88e2-fd76c9a08110";"ERM-MONI-2025.90551";"BR-116/RJ";"139.665";"139.665";"-22.64639647049768";"-43.205217652129235";"Monitoração de Sinalização Vertical";"";"1";"1";"Não se aplica";"";"";"";"Sul";"Monitoração";"Executado";"Compartilhado com ANTT";"Lucas Pereira Luiz";"";"Ecovias Rio Minas";"Ecovias Rio Minas";"";"2025-09-17T19:35";"2023-09-17T19:35";"2025-11-05T23:40";"2023-09-17T19:35";"Arquivo: SV - BR-116-RJ - SUL | Descrição: A-13b";"";"0";"";"94b65417-af40-47a6-a6eb-819e71921068";"III";"Monitoração 1";"Amarela";"Aprovado";"";"";"";"";"";"";"";"";"";"";"";"";"";"";"";"";"";"";"";"";"";"";"";"";"";"";"";"";"";"";"";"";"";"";"";"";"";"";"";"";"";"";"";"";"";"";"";"";"";"";"";"";"";"";"";"";"";"";"";"";"";"";"0";"0";"0";"";"";"";"";"";"";"";"";"1";"Bom";"Bom";"";"";"";"";"";"";"";"";"";"";"";"";"";"";"";"";"";"";"";"";"";"";"";"";"";"";"";"";"";"";"";"";"";"";"";"";"";"";"";"";"";"";"";"";"";"";"";"";"";"";"";"Aprovado";"";"";"";"";"";"";"";"";"";"";"";"";"";"";"435.2";"SV 116 RJ 139+665 S 1";"";"";"";"";"";"";"";"";"";"";"";"";"";"";"";"";"";"";"";"";"";"";"";"";"";"";"";"";"";"";"";"";"";"";"";"";"";"";"";"";"";"Advertência";"ACM";"";"";"";"";"Madeira";"";"";"";"";"";"";"";"";"";"";"";"";""
"005d0593-98f7-4c13-a907-c3d3a07bfde4";"https://app.kartado.com.br/#/SharedLink/Reporting/005d0593-98f7-4c13-a907-c3d3a07bfde4/show?company=b9e4cd95-cb76-4dae-88e2-fd76c9a08110";"ERM-MONI-2026.01679";"BR-116/MG";"412.235";"412.235";"-18.87549577";"-41.96492893";"Monitoração de Faixa de Domínio - Acessos";"";"";"";"Não se aplica";"";"";"";"Sul";"Monitoração";"Executado";"Criado";"Arthur Barros";"";"Ecovias Rio Minas";"Ecovias Rio Minas";"";"2026-07-02T20:28";"2026-07-02T20:23";"2026-07-02T20:28";"2023-07-01T00:00";"Saída da BR-116 para Av. da Paz.";"";"0";"";"81363337-a860-4306-ad27-979dcd6e18bd";"";"Monitoração 1";"";"";"";"";"";"";"";"";"";"";"";"";"";"";"";"";"";"";"";"";"";"";"";"";"";"";"";"";"";"";"";"";"";"";"";"";"";"";"";"";"";"";"";"";"";"";"";"";"";"";"";"";"";"";"";"";"";"";"";"";"";"";"";"";"";"";"";"";"";"";"";"";"";"";"";"";"";"";"Periódica";"";"";"";"";"";"";"";"";"Regulares/autorizados, em condições satisfatórias (nada a providenciar)";"";"";"";"";"";"";"";"";"";"";"";"";"";"";"";"";"";"";"";"";"";"";"";"";"";"";"";"";"";"";"";"";"";"";"";"";"";"";"";"";"";"";"";"";"";"";"";"";"";"";"";"";"";"";"";"";"";"AC 116 MG 412+245 S 1";"";"";"";"";"";"";"";"";"";"";"";"";"";"";"";"";"Público";"Pavimentado";"";"";"";"";"";"";"";"";"";"";"";"";"";"";"";"";"";"";"";"";"";"";"";"";"";"";"";"";"";"";"";"";"";"";"";"";"";"";"";"EcoRioMinas Concessionária De Rodovias S.A";"";"";""
"005d27a2-65e6-448a-a514-a35b32adc1d1";"https://app.kartado.com.br/#/SharedLink/Reporting/005d27a2-65e6-448a-a514-a35b32adc1d1/show?company=b9e4cd95-cb76-4dae-88e2-fd76c9a08110";"ERM-MONI-2025.133970";"BR-116/RJ";"14";"14";"-21.95987856";"-42.73594759";"Monitoração de Pavimento Flexível";"";"";"";"Não se aplica";"";"";"";"Crescente";"Monitoração";"Executado";"Compartilhado com ANTT";"Vidal Valério";"";"Ecovias Rio Minas";"Ecovias Rio Minas";"";"2025-09-19T08:43";"2022-09-19T08:43";"2025-11-05T23:40";"2022-09-19T08:43";"Relatório Dc: RT_ECRM_FWD_BR-116 RJ_R01 | Relatório IRI: RT_ECRM_IRI_BR-116 RJ | Relatório trincamento: RT_ECRM_Condições de Superfície_BR-116 RJ | Relatório ATR: RT_ECRM_Condições de Superfície_BR-116 RJ | Relatório IGG: RT_ECRM_IGG_BR-116 RJ";"";"0";"";"25b122cb-23cf-422c-bdae-8a749576a442";"";"Monitoração 0 (Inicial)";"";"";"";"";"";"";"";"";"";"";"";"";"";"";"";"";"";"";"";"";"";"";"";"";"";"";"";"";"";"";"";"";"";"";"";"";"";"";"";"";"";"";"";"";"";"";"";"";"";"";"";"";"";"";"";"";"";"";"";"";"";"";"";"";"";"";"";"";"";"";"";"";"";"";"";"";"";"";"";"";"";"";"";"";"";"";"";"";"";"";"";"";"";"";"";"";"";"";"";"";"";"";"";"";"";"";"";"";"";"";"";"";"";"";"";"";"";"";"";"";"";"";"";"";"";"";"";"";"";"";"";"";"";"";"";"";"";"";"";"";"";"";"";"";"";"BR-116/RJ14CF1";"";"";"";"";"";"";"";"";"";"";"";"";"";"";"";"";"";"";"";"";"";"";"";"";"";"";"";"";"";"";"";"";"";"";"";"";"";"";"";"";"";"";"";"";"";"";"";"";"";"";"";"";"";"";"";"";"";"";"";"";""
"005dd08b-6afd-4300-94b6-fd0e7a6df8d1";"https://app.kartado.com.br/#/SharedLink/Reporting/005dd08b-6afd-4300-94b6-fd0e7a6df8d1/show?company=b9e4cd95-cb76-4dae-88e2-fd76c9a08110";"ERM-MONI-2025.144153";"BR-116/MG";"605.259";"605.6220000000001";"-20.383336355733277";"-42.14709150497468";"Monitoração de Terraplenos e Estruturas de Contenção";"363";"";"7";"Não se aplica";"";"";"";"Sul";"Monitoração";"Executado";"Compartilhado com ANTT";"Arthur Barros";"";"Ecovias Rio Minas";"Ecovias Rio Minas";"";"2025-12-18T16:01";"2025-12-18T16:00";"2025-12-18T16:01";"2022-10-01T00:00";"";"";"0";"";"b4b0fcf9-ba9a-432f-9646-438d4cb59f90";"";"Monitoração 0 (Inicial)";"";"";"";"";"";"";"";"";"";"";"";"";"";"";"";"";"";"";"";"";"";"";"";"";"";"";"";"";"";"";"";"";"";"";"";"";"";"";"";"";"";"";"";"";"";"";"";"";"";"";"";"";"";"";"";"";"";"";"";"";"";"";"";"";"";"";"";"";"";"";"";"";"";"";"";"";"";"";"Periódica";"";"";"";"";"";"";"";"";"";"";"";"";"";"";"";"";"";"Insuficiente";"";"";"";"false";"";"";"";"";"";"";"";"";"";"";"";"";"";"";"";"";"";"";"";"";"";"";"";"";"";"";"";"";"";"";"";"";"";"";"";"";"";"";"";"";"";"";"";"";"TP BR 116 MG 605+259 S";"";"";"";"";"";"";"";"";"";"";"";"";"";"";"";"";"";"";"";"";"";"";"";"";"";"";"Arbórea";"55";"Aterro";"Montanhoso";"";"Inexistente";"";"";"";"";"";"";"";"";"";"";"";"";"";"";"";"";"";"";"";"";"";"";"";"";"";"";"";"";""
"005e9bd8-ae98-46aa-a506-25bcf2d7130c";"https://app.kartado.com.br/#/SharedLink/Reporting/005e9bd8-ae98-46aa-a506-25bcf2d7130c/show?company=b9e4cd95-cb76-4dae-88e2-fd76c9a08110";"ERM-MONI-2025.08423";"BR-116/RJ-(DUTRA)";"176.53";"176.53";"-22.78341196";"-43.38258285";"Monitoração de Sinalização Horizontal - Zebrados";"112";"";"";"Acostamento";"";"";"";"Sul";"Monitoração";"Executado";"Compartilhado com ANTT";"Luan Poletti";"";"Ecovias Rio Minas";"Ecovias Rio Minas";"";"2025-09-12T18:41";"2024-09-12T18:41";"2025-11-05T23:40";"2024-09-12T18:41";"";"";"0";"";"2f15592f-edc9-4f6e-82c7-09ab9bf4bb72";"";"Monitoração 2";"";"";"";"";"";"";"";"";"";"";"";"";"";"";"";"";"";"";"";"";"";"";"";"";"";"";"";"";"";"";"";"";"";"";"";"";"";"";"";"";"";"";"";"";"";"149.4";"150.3";"APROVADO";"APROVADO";"REPROVADO";"";"";"";"";"";"";"";"";"";"";"";"";"";"";"";"";"";"";"";"";"";"";"";"";"";"";"";"";"";"";"";"";"";"";"";"";"";"";"";"";"";"";"";"";"";"";"";"";"";"";"";"";"";"";"";"";"";"";"";"";"";"";"";"";"";"";"";"";"";"";"";"";"";"";"";"";"";"";"";"";"";"";"";"";"";"";"";"";"";"";"";"";"";"";"";"SH 116 RJ 176+530 S 1";"";"";"";"";"";"";"";"";"";"";"";"";"";"";"";"";"";"";"";"";"";"";"";"";"";"";"";"";"";"";"";"";"";"";"";"";"";"";"";"";"";"";"";"";"";"";"";"";"1";"";"";"";"";"";"";"";"";"";"";"";""
"005ec840-81ad-4c4a-9233-e8e96d9dedac";"https://app.kartado.com.br/#/SharedLink/Reporting/005ec840-81ad-4c4a-9233-e8e96d9dedac/show?company=b9e4cd95-cb76-4dae-88e2-fd76c9a08110";"ERM-MONI-2025.76094";"BR-116/MG";"413.595";"413.595";"-18.882812774771374";"-41.9549646426574";"Monitoração de Sinalização Vertical";"";"0.5";"0.6";"Não se aplica";"";"";"";"Norte";"Monitoração";"Executado";"Compartilhado com ANTT";"Lucas Pereira Luiz";"";"Ecovias Rio Minas";"Ecovias Rio Minas";"";"2025-09-17T18:09";"2023-09-17T18:09";"2025-11-05T23:40";"2023-09-17T18:09";"Arquivo: SV - BR-116-MG - NORTE | Descrição: M.A.";"";"0";"";"67288daa-ceaf-485c-8205-e196efd48804";"X";"Monitoração 1";"Amarela";"Aprovado";"";"";"";"";"";"";"";"";"";"";"";"";"";"";"";"";"";"";"";"";"";"";"";"";"";"";"";"";"";"";"";"";"";"";"";"";"";"";"";"";"";"";"";"";"";"";"";"";"";"";"";"";"";"";"";"";"";"";"";"";"";"";"0";"0";"0";"";"";"";"";"";"";"";"";"0.3";"Bom";"Bom";"";"";"";"";"";"";"";"";"";"";"";"";"";"";"";"";"";"";"";"";"";"";"";"";"";"";"";"";"";"";"";"";"";"";"";"";"";"";"";"";"";"";"";"";"";"";"";"";"";"";"";"Aprovado";"";"";"";"";"";"";"";"";"";"";"";"";"";"";"518.4";"SV 116 MG 413+595 N 1";"";"";"";"";"";"";"";"";"";"";"";"";"";"";"";"";"";"";"";"";"";"";"";"";"";"";"";"";"";"";"";"";"";"";"";"";"";"";"";"";"";"Dispositivos Auxiliares";"ACM";"";"";"";"";"Madeira";"";"";"";"";"";"";"";"";"";"";"";"";""
"005ee419-a1f1-4e44-a6ff-6a0edda9145d";"https://app.kartado.com.br/#/SharedLink/Reporting/005ee419-a1f1-4e44-a6ff-6a0edda9145d/show?company=b9e4cd95-cb76-4dae-88e2-fd76c9a08110";"ERM-MONI-2025.134215";"BR-116/MG";"436";"436";"-19.04608962";"-41.99496356";"Monitoração de Pavimento Flexível";"";"";"";"Não se aplica";"";"";"";"Crescente";"Monitoração";"Executado";"Compartilhado com ANTT";"Vidal Valério";"";"Ecovias Rio Minas";"Ecovias Rio Minas";"";"2025-09-19T08:43";"2022-09-19T08:43";"2025-11-05T23:40";"2022-09-19T08:43";"Relatório Dc: RT_ECRM_IGG_BR-116 MG | Relatório IRI: RT_ECRM_IRI_BR-116 MG | Relatório trincamento: RT_ECRM_Condições de Superfície_BR-116 MG | Relatório ATR: RT_ECRM_Condições de Superfície_BR-116 MG | Relatório IGG: RT_ECRM_IGG_BR-116 MG | Relatório VRD: RT_ECRM_Aderência_BR-116 MG | Relatório HS: RT_ECRM_Aderência_BR-116 MG";"";"0";"";"6f776511-d9ed-4a01-b421-491202a27938";"";"Monitoração 0 (Inicial)";"";"";"";"";"";"";"";"";"";"";"";"";"";"";"";"";"";"";"";"";"";"";"";"";"";"";"";"";"";"";"";"";"";"";"";"";"";"";"";"";"";"";"";"";"";"";"";"";"";"";"";"";"";"";"";"";"";"";"";"";"";"";"";"";"";"";"";"";"";"";"";"";"";"";"";"";"";"";"";"";"";"";"";"";"";"";"";"";"";"";"";"";"";"";"";"";"";"";"";"";"";"";"";"";"";"";"";"";"";"";"";"";"";"";"";"";"";"";"";"";"";"";"";"";"";"";"";"";"";"";"";"";"";"";"";"";"";"";"";"";"";"";"";"";"";"BR-116/MG436CF1";"";"";"";"";"";"";"";"";"";"";"";"";"";"";"";"";"";"";"";"";"";"";"";"";"";"";"";"";"";"";"";"";"";"";"";"";"";"";"";"";"";"";"";"";"";"";"";"";"";"";"";"";"";"";"";"";"";"";"";"";""
"005fbbc2-51a7-4942-bd6b-a7fae7a72074";"https://app.kartado.com.br/#/SharedLink/Reporting/005fbbc2-51a7-4942-bd6b-a7fae7a72074/show?company=b9e4cd95-cb76-4dae-88e2-fd76c9a08110";"ERM-MONI-2025.57148";"BR-465/RJ";"1.551";"1.551";"-22.72141228";"-43.72411344";"Monitoração de Sinalização Vertical";"";"0.7";"1";"Não se aplica";"";"";"";"Oeste";"Monitoração";"Executado";"Compartilhado com ANTT";"Luiza Franco Suporte";"";"Ecovias Rio Minas";"Ecovias Rio Minas";"";"2025-09-17T16:54";"2022-09-17T16:54";"2025-11-05T23:40";"2022-09-17T16:54";"";"";"0";"";"595a6d5d-2925-4c06-86e2-9c6f94f8f100";"I";"Monitoração 0 (Inicial)";"Azul";"Aprovado";"";"";"";"";"";"";"";"";"";"";"";"";"";"";"";"";"";"";"";"";"";"";"";"";"";"";"";"";"";"";"";"";"";"";"";"";"";"";"";"";"";"";"";"";"";"";"";"";"";"";"";"";"";"";"";"";"";"";"";"";"";"";"18.48";"0";"0";"Reprovado";"";"";"";"";"";"";"";"";"Bom";"Bom";"";"";"";"";"";"";"";"";"";"";"";"";"";"";"";"";"";"";"";"";"";"";"";"";"";"";"";"";"";"";"";"";"";"";"";"";"";"";"";"";"";"";"";"";"";"";"";"";"";"";"";"Reprovado";"";"";"";"";"";"";"";"";"";"";"";"";"";"";"5.96";"SV 465 RJ 001+551 O 1";"";"";"";"";"";"";"";"";"";"";"";"";"";"";"";"";"";"";"";"";"";"";"";"";"";"";"";"";"";"";"";"";"";"";"";"";"";"";"";"";"";"";"Aço";"";"";"0.35";"0";"";"";"";"";"";"";"";"";"";"";"";"";"";""
"005fbe48-bd49-40a5-88a9-9e86ebc61646";"https://app.kartado.com.br/#/SharedLink/Reporting/005fbe48-bd49-40a5-88a9-9e86ebc61646/show?company=b9e4cd95-cb76-4dae-88e2-fd76c9a08110";"ERM-MONI-2025.134285";"BR-116/MG";"679";"679";"-20.93612055";"-42.34196209";"Monitoração de Pavimento Flexível";"";"";"";"Não se aplica";"";"";"";"Decrescente";"Monitoração";"Executado";"Compartilhado com ANTT";"Vidal Valério";"";"Ecovias Rio Minas";"Ecovias Rio Minas";"";"2025-09-19T08:43";"2022-09-19T08:43";"2025-11-05T23:40";"2022-09-19T08:43";"Relatório Dc: RT_ECRM_IGG_BR-116 MG | Relatório IRI: RT_ECRM_IRI_BR-116 MG | Relatório trincamento: RT_ECRM_Condições de Superfície_BR-116 MG | Relatório ATR: RT_ECRM_Condições de Superfície_BR-116 MG | Relatório IGG: RT_ECRM_IGG_BR-116 MG | Relatório VRD: RT_ECRM_Aderência_BR-116 MG | Relatório HS: RT_ECRM_Aderência_BR-116 MG";"";"0";"";"62f8e801-02fc-47f6-995c-cb6898b78d39";"";"Monitoração 0 (Inicial)";"";"";"";"";"";"";"";"";"";"";"";"";"";"";"";"";"";"";"";"";"";"";"";"";"";"";"";"";"";"";"";"";"";"";"";"";"";"";"";"";"";"";"";"";"";"";"";"";"";"";"";"";"";"";"";"";"";"";"";"";"";"";"";"";"";"";"";"";"";"";"";"";"";"";"";"";"";"";"";"";"";"";"";"";"";"";"";"";"";"";"";"";"";"";"";"";"";"";"";"";"";"";"";"";"";"";"";"";"";"";"";"";"";"";"";"";"";"";"";"";"";"";"";"";"";"";"";"";"";"";"";"";"";"";"";"";"";"";"";"";"";"";"";"";"";"BR-116/MG679DF1";"";"";"";"";"";"";"";"";"";"";"";"";"";"";"";"";"";"";"";"";"";"";"";"";"";"";"";"";"";"";"";"";"";"";"";"";"";"";"";"";"";"";"";"";"";"";"";"";"";"";"";"";"";"";"";"";"";"";"";"";""
"005fc4bb-f679-4cf0-966f-8fa3646dea7c";"https://app.kartado.com.br/#/SharedLink/Reporting/005fc4bb-f679-4cf0-966f-8fa3646dea7c/show?company=b9e4cd95-cb76-4dae-88e2-fd76c9a08110";"ERM-MONI-2025.20544";"BR-116/RJ-(DUTRA)";"213.18";"213.18";"-22.716702";"-43.71622125";"Monitoração de Sinalização Vertical";"";"";"";"Não se aplica";"";"";"";"Norte";"Monitoração";"Executado";"Compartilhado com ANTT";"Luan Poletti";"";"Ecovias Rio Minas";"Ecovias Rio Minas";"";"2025-09-13T21:46";"2024-09-13T21:46";"2025-11-05T23:40";"2024-09-13T21:46";"";"";"0";"";"f52bed37-f234-4d68-95ab-712d7b05d87e";"III";"Monitoração 2";"Vermelha";"Aprovado";"";"";"";"";"";"";"";"";"";"";"";"";"";"";"";"";"";"";"";"";"";"";"";"";"";"";"";"";"";"";"";"";"";"";"";"";"";"";"";"";"";"";"";"";"";"";"";"";"";"";"";"";"";"";"";"";"";"";"";"";"";"";"527.6";"0";"0";"Aprovado";"";"";"";"";"";"";"";"";"Bom";"Bom";"";"";"";"";"";"";"";"";"";"";"";"";"";"";"";"";"";"";"";"";"";"";"";"";"";"";"";"";"";"";"";"";"";"";"";"";"";"";"";"";"";"";"";"";"";"";"";"";"";"";"";"Aprovado";"";"";"";"";"";"";"";"";"";"";"";"";"";"";"166.6";"SV 116 RJ 213+180 N 1";"";"";"";"";"";"";"";"";"";"";"";"";"";"";"";"";"";"";"";"";"";"";"";"";"";"";"";"";"";"";"";"";"";"";"";"";"";"";"";"";"";"Regulamentação";"Fibra de Vidro";"1";"";"";"";"";"";"";"";"";"";"";"";"";"";"";"";"";""
"005fdef1-d87a-41c1-8601-6dfe7afba6e3";"https://app.kartado.com.br/#/SharedLink/Reporting/005fdef1-d87a-41c1-8601-6dfe7afba6e3/show?company=b9e4cd95-cb76-4dae-88e2-fd76c9a08110";"ERM-MONI-2025.28967";"BR-116/MG";"763.789";"763.785";"-21.5207302";"-42.641162";"Monitoração de Drenagem Superficial";"4";"0.2";"0.4";"Não se aplica";"";"";"";"Norte";"Monitoração";"Executado";"Compartilhado com ANTT";"Luan Poletti";"";"Ecovias Rio Minas";"Ecovias Rio Minas";"";"2025-09-15T10:13";"2024-09-15T10:13";"2025-11-05T23:40";"2024-09-15T10:13";"";"";"0";"";"c323f43f-5d9b-4be0-baea-caa19fbea8ec";"";"Monitoração 2";"";"";"";"";"";"";"";"";"";"";"";"";"";"";"";"";"";"";"";"";"";"";"";"";"";"";"";"";"";"";"";"";"";"";"";"";"";"";"";"";"";"";"";"";"";"";"";"";"";"";"";"";"";"";"";"";"";"";"";"";"";"";"";"";"";"";"";"";"";"";"";"";"";"";"";"";"";"";"";"";"";"";"";"";"";"";"";"";"";"";"";"";"";"";"";"";"";"";"";"";"";"true";"";"";"";"";"";"";"";"";"";"";"";"";"";"";"";"";"";"";"";"";"";"";"";"";"";"";"";"";"";"";"";"";"";"";"";"";"";"";"";"";"";"";"";"DA 116 MG 763+789 N 2";"";"";"";"";"";"";"";"";"";"";"";"";"";"";"";"";"";"";"";"";"";"";"";"";"";"";"";"";"";"";"";"";"";"Descida d'água";"";"";"";"";"";"";"";"";"";"";"";"";"";"";"";"";"";"";"";"";"";"";"";"";"";"";""
"005fe75a-4592-4159-916b-9fccad4f02a3";"https://app.kartado.com.br/#/SharedLink/Reporting/005fe75a-4592-4159-916b-9fccad4f02a3/show?company=b9e4cd95-cb76-4dae-88e2-fd76c9a08110";"ERM-MONI-2025.68868";"BR-116/MG";"442.516";"442.516";"-19.09485527";"-42.00651535";"Monitoração de Sinalização Vertical";"";"0.5";"0.6";"Não se aplica";"";"";"";"Sul";"Monitoração";"Executado";"Compartilhado com ANTT";"Luiza Franco Suporte";"";"Ecovias Rio Minas";"Ecovias Rio Minas";"";"2025-09-17T17:01";"2022-09-17T17:01";"2025-11-05T23:40";"2022-09-17T17:01";"";"";"0";"";"ba955f19-e9ad-4b76-b6b5-bea1d58df33f";"III";"Monitoração 0 (Inicial)";"Amarela";"Aprovado";"";"";"";"";"";"";"";"";"";"";"";"";"";"";"";"";"";"";"";"";"";"";"";"";"";"";"";"";"";"";"";"";"";"";"";"";"";"";"";"";"";"";"";"";"";"";"";"";"";"";"";"";"";"";"";"";"";"";"";"";"";"";"0";"0";"0";"";"";"";"";"";"";"";"";"";"Bom";"Bom";"";"";"";"";"";"";"";"";"";"";"";"";"";"";"";"";"";"";"";"";"";"";"";"";"";"";"";"";"";"";"";"";"";"";"";"";"";"";"";"";"";"";"";"";"";"";"";"";"";"";"";"Aprovado";"";"";"";"";"";"";"";"";"";"";"";"";"";"";"601.6";"SV 116 MG 442+516 S 1";"";"";"";"";"";"";"";"";"";"";"";"";"";"";"";"";"";"";"";"";"";"";"";"";"";"";"";"";"";"";"";"";"";"";"";"";"";"";"";"";"";"";"Aço";"";"";"0.15";"0";"";"";"";"";"";"";"";"";"";"";"";"";"";""
"005fefd6-91da-451e-a480-4357d59fbce2";"https://app.kartado.com.br/#/SharedLink/Reporting/005fefd6-91da-451e-a480-4357d59fbce2/show?company=b9e4cd95-cb76-4dae-88e2-fd76c9a08110";"ERM-MONI-2025.29069";"BR-116/MG";"460.95";"461.256";"-19.23945";"-42.05638";"Monitoração de Drenagem Superficial";"306";"0.5";"0.2";"Não se aplica";"";"";"";"Norte";"Monitoração";"Executado";"Compartilhado com ANTT";"Luan Poletti";"";"Ecovias Rio Minas";"Ecovias Rio Minas";"";"2025-09-15T10:13";"2024-09-15T10:13";"2025-11-05T23:40";"2024-09-15T10:13";"";"";"0";"";"78c02b03-a109-4882-98c1-823d7a55ee64";"";"Monitoração 2";"";"";"";"";"";"";"";"";"";"";"";"";"";"";"";"";"";"";"";"";"";"";"";"";"";"";"";"";"";"";"";"";"";"";"";"";"";"";"";"";"";"";"";"";"";"";"";"";"";"";"";"";"";"";"";"";"";"";"";"";"";"";"";"";"";"";"";"";"";"";"";"";"";"";"";"";"";"";"";"";"";"";"";"";"";"";"";"";"";"";"";"";"";"";"";"";"";"";"";"";"";"true";"";"";"";"";"";"";"";"";"";"";"";"";"";"";"";"";"";"";"";"";"";"";"";"";"";"";"";"";"";"";"";"";"";"";"";"";"";"";"";"";"";"";"";"SJ 116 MG 460+950 N 1";"";"";"";"";"";"";"";"";"";"";"";"";"";"";"";"";"";"";"";"";"";"";"";"";"";"";"";"";"";"";"";"";"";"Sarjeta";"";"";"";"";"";"";"";"";"";"";"";"";"";"";"";"";"";"";"";"";"";"";"";"";"";"";""